image_id,label
00bnw3n9f5yizd2f,24
00poczd65lk63nxp,46
00r9kh3yo2haqo5o,87
00y8xbt3jatppqlv,68
01020e054bcpt1no,55
010pqbct5vkgt8sh,31
01112t9kohbi6f03,81
0185tzvswaukrasg,48
01aatrg20usgf9od,16
01f16g6zpigzqabi,69
01o3p7872wgetx8g,24
01pw0ore0z724co0,23
01q89cjor29ctjft,70
01zrukq48zlrsuol,73
0230w8tvay19bjh5,3
02e86sv74nuvaur0,52
02hoyh9sen8d9iky,68
02m82ijd6g4g87yl,19
02otyoowft0l566o,5
02zjqfbkcex8xotu,48
03gcbkxlt74iurru,88
03zc8lr2ssqhq4v0,31
04bk2z5gsh3uf0nu,16
04x4c58icqzkvn9d,55
06j16xnvb6g2e1i4,61
06sz2xbhk41rsfzj,95
06vp09q85jbtnnyp,61
06x9pjxwxrdmfkro,38
079aj9gxpv5asufd,4
07b6vf3ow67u8hoo,73
07cmibh8fi8lctxp,74
07diesexwkugm211,51
08408oaddku6aj1o,25
08587etx0ls4wqs0,88
089vqt0lwxz1cidq,19
08wl95fhfevybvjo,74
08zye2wb7niq67z8,3
09543u3kb6xe26my,55
09d2db47g2ef75f8,20
09f70lke28xggmkl,94
09z6v77h87kzf7fa,81
0ac1q75rd9mxff3a,80
0acyzt8ksd6bpgsm,2
0asyayhg6coqzrpu,91
0cer95uz3sw3u9gl,34
0cfkdknoz6xygo5n,81
0cr8bd4jb2fupnwp,61
0dwvui7prnebs356,94
0enu26fp9j7ljmbk,67
0fg49vne6t7jou3d,68
0fh25uv9hd8or0nn,81
0fr4hy7fftnep9my,14
0fx3fw7y0owfr6lv,60
0fzwx89dio6xk1ef,92
0ga71ahy3qhikcll,75
0glyszs6j5e18emq,87
0gmjkbcdd68cofjh,46
0go4e1lo0comtri9,24
0grmgu0fm8c73q5j,80
0gsw7x77l2vmb8x0,58
0gtatthr1us56w3g,52
0hq97b8ac0f43qrz,19
0hqwnk5q6k8k88gw,73
0hxmzwuqb8c1lo06,36
0i28up99u7l3fkqi,84
0ikb5b20sk601dqc,30
0j0hklmwwlotuver,57
0j69c0f30fofc5ou,25
0jxn19bg0ka5shks,69
0k7piqhv6p4mzizd,55
0l9r044ljosfyxx0,54
0m2dldoc6zo13lo7,3
0moxdri4m89mgx58,21
0mruaja9k9mliy4i,95
0msn8o7l4d6jbp0w,43
0n5tnhlzo1zxx0cc,88
0nz7p8cd87otk5d5,84
0o53djv6m7j3l8wh,14
0obrbz9bu4t7rpzl,61
0ocreh4xf6k2g41c,16
0oorsmvqz64grnbg,25
0p7qjja0cr5ra574,43
0pa72gr97ificfvs,83
0pca01axrrz511gp,55
0pcsh74b3pifqrsi,54
0pukoora6e7vq10f,87
0q3qlqhraxkzas1h,70
0qei97yv1u3pfvw5,25
0qlnfd3euxlccq0r,78
0r922igyuvjv3ubq,86
0rebkf6z0uxgwqzx,23
0resxej9x8g8tblr,33
0riufxgddm857jss,5
0s5txo4ek90ppsaw,87
0s84v01tuztluye6,73
0shfxi4xsgc0aj6l,8
0sol5rme6h7eeqn2,96
0srn2cqo56vc01ck,20
0t0h6aqqx6168eph,48
0tl5lhli4wu6wd40,13
0to7g5o1rxsv91ft,93
0tooq3bg1yj9tfhr,87
0tvnio5s58y70syx,97
0u1a9ib1gty29c49,23
0ue1xzq7z4hqklsw,62
0ufkozyowv3l7ipp,19
0ui1vdqwksbdwqzq,42
0ukidm9gxojni1ec,84
0ur5lxc0z8qwd1c4,31
0v32o73rbdsxn1w9,70
0vawssyybhjak2lm,31
0vm0gp4wkenemglv,38
0vndf7tz4witzj0d,54
0vpx4zu4re7f4sjj,25
0vra8b4ad944fhed,74
0vxh8ifr093p9ax4,30
0vyekwcondemxsxn,84
0w9nnd2156ccpmfs,51
0wmf2qfuz82thybz,73
0wml7n19sc3w8zzq,59
0wu5mwbqqxdxtmg4,9
0x08y6b0f1ujfk8n,81
0xi7aoyxe8vaiqz1,0
0xnv409yh318nzww,13
0y6ep5yjg27w7orq,22
0y7zv439ot94hfvy,0
0yhnjh03wgfmoe9h,0
0yi894y5f51s2dxk,94
0yoxli7nw284gj6e,13
0ypjkxuoyg4porgf,19
0z124h8goz374hno,0
0z3vv9v141xrofe7,81
0z3xmaj9xg6l0r43,15
0z7b4ixi42edfr2i,16
0zqcgt2l13qga6i4,73
0zt9ben6xshrhc3m,47
0zv2gjbm70q6mi5f,33
107h11zkn16q18k7,81
107xh89rk0cy6zaf,15
10b1yi3kgm5fswwp,17
10bch2na0xxdr2df,0
10obii1x3wkud60g,85
10qfwxbpwcx5v6li,93
10tumq7mhj2wrjzd,68
111dv1wy892oemv3,67
111yus6ugiw4mbti,24
11a3ocu13neuxpyl,90
11d72qqk1dvlf8hl,30
13ey8xux19zpim00,62
13k6xtowj16g4gxp,81
13vvn2rjkgmtrzdv,23
13ycut84nn9udsbj,3
148u63eo4ws2mmkv,86
14901qlh508fjuk8,41
1494qcvhnzrdn2qw,81
14h2iuq5w5uq2rn7,81
14jv9sul5vorf70v,68
14slner4cguwi41e,56
14v6e1buguo990g5,62
150lqi5bcisrqpj6,61
154ksc8n8yqtf2o8,99
159fbnqnndf87myj,81
15jwpp4pkowfyja0,22
15ko5gpkawaldq8n,43
15zt2r903h66dr63,43
16147tb7120gq9ph,49
168ktv6ch4emc783,97
16a8w5fniwjc1cjy,87
16eyq8ehhqzjn1yg,65
16iknt1j789pbm3l,43
170pgt0u222ehuym,62
17cvupgaasfzlmz1,79
17xcypwvfwqvy9d3,95
183fx4b5bc40v8sa,48
185lrrkvvo1rpne3,62
19x3zxw5ul7qst61,29
19zluq8i54i85wzn,57
1art4oxmu0pag1ua,68
1az2f617jrjeg497,51
1azzoe9zmrh2ak0z,7
1b38r357fn7lziuw,5
1bcv3yb1xx8e05i9,73
1cot0y319hcerm7z,24
1e7rznmlrwizfmwq,86
1ehlkll03sgfzh0b,73
1en8bm5jzu7nu7cs,98
1es4n2k14wphk4mz,25
1f7gmemcwxgmkpkp,9
1f8u902ar6lo410y,34
1f98ffpeyys6eq9z,95
1fbzslz2k4v48rzb,14
1finvs10b0v14rxx,36
1fja2q8o84ilfpeo,31
1fm0tuu9panruobl,81
1fxm78y9dg7phaof,20
1g08yfvw08qae07v,67
1gqt2lnqkmboru7g,14
1gsf17fofzp3amrq,76
1gu0xb6rl1jxmd6n,35
1guyt1id25nheyrh,23
1gwmb7rgr4uq6cjm,73
1h1h6f1goel6xnf5,14
1hqmge6qqefz1ydz,22
1hw358wd3ujl5nd7,47
1i0kd1ymw8c02s2m,74
1iblpj2daceko6bs,81
1ifpova3ce7mgy50,14
1ill6r8i6eft0r0t,78
1iwvs82bu1w541nz,68
1j4xp796x0nua8x9,21
1j6w1ginsheh1oux,44
1j70uxgniiwybpog,76
1jb6c1aoaqkiwpf6,96
1jh9tel8xbsc8mea,94
1jm3vog370g84tvp,15
1jqjk6xb3lygbgv4,53
1jrl0qp5mvhow3jw,69
1kfkndxip4g15zfb,0
1l6lilver8mjavse,34
1l90pbdoc5r23h5e,30
1ld04a9hhumpazkx,74
1let8l0bcyavtseb,21
1lhpzbuyf9ak4lkr,92
1m8kqt7wbahvunbt,22
1m9d7zox7iid4fag,6
1mnjlnd8a0jib1nm,90
1mpnlxtzu63wx6yk,87
1mzwrdkxx6ukx7t8,5
1n9zwtmlu3yipawt,37
1na62fnssfp7bvlz,43
1nl96t29s3oct49r,93
1nma8ucz5r9n9ml8,56
1o597uz9cjn3auwr,42
1o5mue8i6cq21ztg,79
1oaqnarmucho61ba,81
1oaxr3utk5ul4ccb,30
1obk0wlm0vkq2dep,60
1ofpoalzofj9j8zu,57
1oki3xd1vmhdejpa,79
1pa01h7iqr5k2j6n,9
1pbyvvox9s6q541x,5
1phbgi97321q1pvh,82
1po7gln0wizw9rp1,52
1ps72x3ozrwcmiso,81
1q0fkxcq9d3y8xd0,14
1qdvk0hb2avrga4l,42
1qeb3htqmgkje9ps,81
1qkyfricksdk3jtv,0
1qosijoo3g6e1p2v,2
1qus3pezjfx3073m,65
1qxjl9kpckp4h0cf,31
1r460zc1z6e92myp,65
1r7xiptwa9emublz,0
1rj855ya2uyy0a9b,16
1rppnqcxb4ctm74e,57
1rpqn43o4ea850x2,3
1rwdzap120w979vg,76
1rzsqtsebnl0u1cc,54
1s6uiqt65glrsujj,83
1shs05rmdrwzgpkd,31
1t0ete0xx6bwdryi,81
1t7a83le4ia68rea,74
1t9mu7uj6d5jx6x8,21
1tq8uoehdf38g3mq,42
1trzfm3p2khf5em1,26
1ug7celssv38k718,86
1uu32nynheiwr116,81
1v9ati8rt69wpm58,39
1vavah7kou0yufp7,94
1vbeyuvt94sowzz0,42
1vg4feqea2whjgbv,65
1vtz0inibbqoloes,40
1w3has2z5hiut9q4,95
1wa25ks4y2c7unz1,74
1wxip3sqj1zye8lz,22
1wyijklfy3w5gvv2,3
1xgxbte03jn50vxg,17
1xlgur18faidsszg,0
1y4n2tulucll1ayx,5
1yflo2ahza0u8iyo,59
1yjotal7vh2dtmfq,49
1yo13mx2ddqsbtuk,21
1yrqz9h74dkafead,14
1ys8ber0qpkdrwkp,3
1yywwqexeve7hhas,87
1zbz0t2t5wxjm2mc,27
1zg3c2gsuu3b1ws4,24
1ziexmmt5kd3jsbn,87
208q3xtffc4xv4j9,15
20x77pcg9doa3v2i,65
213xsskbb3i3lxlp,85
2199ufnmkp1aiso6,21
21hsiqj8wk2bren6,25
21lornw6zh6stkg1,81
2232lnd4yofs36zh,80
22339o6h43thkf6x,4
22gtijszkz87tpd5,76
22huwxhb9svispeq,43
22ipcvflq086t9k5,45
236pvka71n16kp2n,22
238np6eoppeuqp8q,96
23oxvfvdhlqvw1e4,22
23tj3hw8k4i5172t,81
23wq4tczngz4gjoq,57
245o0zba9h3pfp3i,84
24a1ytnsaclwpue2,82
24izrka52k1uptum,67
2581t1ld2amip2v1,48
25hfi4pd9znoziag,39
25jawfhhzrrafgss,20
25lxo1wh9su56cx3,78
25zw3k0kvuybpib2,42
266gxpf4huhuun87,29
26tx5a7txoiwzfyo,19
275ymecr8ekl5cxn,87
279crc4vuho8igcr,16
27rofnyw7dkgrk3q,74
27udr6uk8c20gvv4,52
28hkj1eziaoooltj,81
296kthiptrz1be9x,19
2a534744bigfbfe2,46
2a95bg5i26vbo01r,11
2ai6ct5fru2zu1ob,75
2b1zu2n9g1p404ty,95
2b59fok16025c9rf,11
2begpyy2esiwavog,43
2bewdoxozh6bhdnq,65
2bftshd5ydni2zmo,94
2bzdxliptyrotgzu,31
2bzzs90a429g4iwj,94
2cawk8u7ilzmp2vq,21
2chwjzvphkknhm2i,0
2d2kvw29m3tjr63v,30
2dsv5pj6fkpg4zvb,62
2dtlx19fb8kupfty,42
2du8do4ukdl7rwnh,24
2dxpxhxqo9ugcedi,70
2efe7ec7zy28w383,81
2efp58yv7x9b3t3k,0
2ezer8t22pf4iebz,50
2fazvpkwjc3zgmqk,49
2fe71cx8xwtxwrdy,66
2g2zznsuznmvqgqg,63
2g3hryqn9ogvmo45,47
2g7gkui7fzvsdv7y,95
2gav4zkawryc2471,95
2gdnpuufwp6zdesw,19
2hpubozisl605t1q,86
2hqs9to3eeom7b09,87
2hv345ihyjtvlpq0,81
2i18nln4wl5hnd5w,75
2j91qd1ft0g39o2b,94
2jc0pklknggfgh86,73
2jnprrult7bol0vv,31
2jrhcib29i1915z6,87
2js2xjg998qub44g,44
2k3401589ygt3vbj,87
2k65qjgg3tjkt6wf,21
2k8nz2bg888roemn,0
2kepjvl8jk8bocy3,12
2khlnhgnt4hj0rb9,36
2kigh8thi0p7r57i,88
2kk8qmyd9t03u0g5,87
2kpk72ym664pykte,38
2ktxkec18i8zukkh,87
2kx595plwqpgu0rv,63
2kxgypubsuwok73w,33
2l4w6qt8kjdl8o6d,90
2lbs749pr78gcv51,47
2llke918r1r2zvuc,79
2m6y4nxs5awug0n2,60
2mabk9gdt5nhu58y,42
2mc1lhnc635p4s58,19
2md85gkb4sdl9rl9,18
2mdpsrddx71rdb4j,59
2mptnxtyziupqtrw,37
2mqun6piisw0z55x,3
2n8y2zwgoz7n21c0,62
2nj4qt8kqb9o0e9w,67
2nl5wx5ekwvoufof,16
2nluucziwlobnpfj,13
2nv9u25lizrkcy3f,24
2o4roxmxj2lbjk6p,59
2od0kgbpy35s8wnb,14
2oldvl3wrqlmo4lo,29
2onsrrive67uu4wx,25
2oyman6ly6rn52gl,98
2ozm1u70d7murodt,55
2p5s4xhh472aodc5,42
2p6ug276dswur7hy,87
2pbzsvfnfx50laig,0
2prw47p0bk7ng8t7,4
2qi696r2tctoh8fv,28
2qqkaxydih2jss19,32
2qu9d065qo3hxzt6,64
2r4113cuhu2pjner,52
2r90ua7mysbx8u23,6
2rbnpkblt1xefzsq,0
2se70anh42g3k45j,61
2sz5j28wdvfp5ddz,83
2t0o1ywdjoaflycp,0
2t2v9ziuow4qvf5u,40
2tivi3cvp2lepdvf,96
2tjpk7tyajtbhaiv,62
2u61ztv8pqq7rt46,90
2uggzl15vx9554i9,56
2ulna7wr7g2geqoz,22
2v8dozclodlrgv1z,69
2ve6jv9f9tq7c0m5,42
2vrq2p537hzvb6f5,87
2w0vijz3o7kaju9a,42
2we0v7nnd9wce7bh,34
2ws5bxj5so7caj1y,33
2x9ljzt6zzv3g51u,2
2xh4xg5dv6t1wbkh,24
2xua845j4jiuv938,68
2xulzgzntwl8j85g,54
2xzttrgtjcd6jnnk,6
2yic2v121j0y2294,81
2ylfaaoz1ft20qmj,31
2yqssvmjdvs38u0z,5
2yrewnv1kp0stzvw,0
2yv3jetjfqlg6wzh,6
2z56vg5flyi4y5z4,79
2zilojz9ybxh8zf8,8
30b0h0l0jelulvai,84
30p9ihgdt80h3dc4,79
30vwwanvd0aocne9,75
326gtl9scxbefdgn,79
32d71u5cbngmuejz,87
32ny3k6c6834vhhd,43
32sspv4o7k45uxxy,86
330htkj5bc8uwnjr,93
332jzh27h9xe11kh,62
33nj0ykllobxkksn,24
33nqai42mub4n77d,96
33qphbmyirfny21m,88
34hb4wtoebprohb2,62
34hmhkih34gy2elk,81
34jbvi61m1m014z7,50
34kfr6otj79xqd3x,87
34w70q0ijvrikamz,15
35dp3e7lccvem2yv,8
35n2sv6wevtv8b9p,62
35o4d3s4s9ii683j,62
35vpqjefzfvt5thj,8
369069zi2a8ts118,33
36jk1mwv65crnois,81
370xo9g3x7vo0p9y,48
376qitpi48xpluyp,81
37dzmyqu9ce2cuii,25
37hfpb29tz8ga8ed,19
37lmlu41lqgwmltd,9
38114oh8mz4ppwsw,15
38s7mwq0gppht3a6,81
396ndm9blk33kckk,16
396q6os1555slesi,21
3992e4sf2b93mjy2,81
39gq47jiih80a7dx,13
3a003bo0ls3wcshp,97
3a5jegda56vprbuo,74
3aq7wdss45qkmn9d,74
3bm5f6iz6vbtxns0,2
3boortw9x7waqapw,20
3bt5z0nqa4us5zt3,13
3bxvraa4gg6uz2x1,42
3byagwnwyiaiapmz,73
3ckia8ee611a13tr,44
3cwjbpkx2zqy8sgk,24
3daoc7hg6n32vhjl,97
3de1gbhaksd0qa85,19
3dpxyti4a4nhto5s,31
3dsltv3lsm3q2tl3,3
3dtd5jef96a68d7j,0
3dzifokwtky0po7q,35
3e2rvbe77rj5u28s,97
3e5cuknap65h8nvq,36
3e64anhzb5qn1afl,8
3edbky5ln0kv8cmw,31
3eh6z5qugp0b05ld,31
3ejp5o34k6awx46z,67
3en2qmz8tjkdphhh,48
3f3dtymulpvv80g5,91
3fbwl70p6yar49zr,31
3fd223udarr2m3g0,23
3fdd4k98x2464s1a,62
3ffwkdg4tk9rxoqz,39
3flvof11wgb8la16,67
3fm13duli48tcutg,49
3gatlnuxnvwxduqo,75
3ghpjufdzbxlvfwb,15
3gj8xx2qjxl30yyf,65
3herjk2sntpsmnll,29
3hh5wdfdjdmnzsui,25
3hsog2wnquhgdldz,62
3i9un22jzlhsjbt5,31
3it3cuiw1zkcl5f6,21
3ixnspdwi53e23wz,38
3j4j2v3koup1ivoi,51
3j8fzsamav7zhvsc,37
3jok5b5f0ipj18kf,62
3k1cotk8zczzmxnm,64
3kird7roolqc7d00,24
3kly7dbw9i3cjdv9,20
3kx9cvissu6mtjtw,24
3la04rhuv0oif44s,11
3la82gfvze0a4n2i,89
3ljufu1gkb0zgtwm,40
3mjc97czedgkeyuo,79
3mubhpxwt8abpfzn,72
3mvxhnvattt4irwm,62
3mzncbj2cms86ol5,9
3nj2lk76shqzry5s,76
3nj64uu2d569djm7,83
3ocrgtx4npbmvg8m,51
3oovffa691plhrd5,42
3ooxro3hotmdyzs0,62
3oqyfhv306izr2rd,0
3pjxjg5gtv9eay1l,15
3pknenwmuqdufomp,74
3psamna276rm4jf3,83
3q9t8w747rtng7vp,46
3qemkwmbuxu9dy3o,57
3qmguoi1508u65im,79
3qojk8a7ityx5gf7,47
3qynzln1r1lt0t2s,42
3r1cp73z8akxm90y,1
3rhc7jgu6hjjfmbl,38
3romre3ypd0z0k2h,86
3rull35wsl5d451l,74
3rwq3gnecprb3j99,73
3s2hs8i7znesb8j3,83
3s4qg2mah5vclfli,62
3sbh4una7plqyiul,62
3skm0c1p5khedzmc,7
3skv87dymklqna4e,89
3twziazlh32l4s0c,14
3u5fxxkfgbd8hwee,23
3u77llzwwljf2tt7,9
3u90nttv0watsb0j,74
3uplysie6br54h1i,83
3uslehyj98xf8o0s,25
3uvde4kbilja5f05,94
3v3ceymzhhpb2027,87
3v5kidh5q2rzmr6k,44
3vgke85jhq8ik4pl,13
3vw0md83tkep6ug2,87
3vxjre3wppf1pjms,13
3wfm5kmqvzxyx5mp,46
3wisxezzt18sltaz,0
3x1g0lqpyp1f4w3w,88
3x4f490almnvo49l,41
3x4gh7asg08uztgb,81
3xa163co8jz5vmau,39
3xko7k1zq7hv0wbd,57
3yzmkuvjjc6rk4pl,81
3z6rn59rblsejbcc,36
3z7vpg8m715sa933,45
3z9e68613pr75lw8,53
3zhg58mtayeha770,61
3zoukb2zv0at0pjr,7
3zxizi9hghiiukn4,15
40c03gfbigtj7bsz,17
40jh0ub163kkexb9,33
40n0851n3ea6da0c,8
40rm5w4va7v6iyi9,18
40xv5vvbantfopmo,21
417e8a774yperyf5,17
41ssx1dl0uy6nyqf,24
41zb4z9t6ymcckl8,79
421khkhfofc4xbxs,69
426efdyms4h14ey7,82
42rc25twxhidh900,45
43400i2v1u10dqml,74
4395clsyqg7ivd5i,13
43c3jj88o2301ojm,15
43eloa8djm8olnzf,30
43mztgkbviov8ryg,74
446kkvdoewp8vk1k,52
44gtqum8ggb83hpo,79
44ko4dc0ogmcs1o1,64
44lbwcto8czgnebs,0
456l94k9k2pcp3x9,81
45c0kabnj2u4m583,22
45gxkl4nzc01hsxd,84
45sbxhygirn52q9x,31
45ywxr88wxaw6ydq,48
4600ibucczchcutj,62
465465347jzlvlro,13
468l47vih3l0blha,21
468zebvk4d95gwlm,42
4696l5fyn7fi8nmu,37
46lxe1c4x9s0v6dt,41
46rqp5o57pe4d3ju,47
473wrxuhg2docz33,61
475w6w998q35lu33,23
47ew8jplhtfht627,96
47pnemcr01s46fx6,47
47uvzs6dkjdn9xzg,5
47vi4xh5tc6ngfr1,13
480mta0ido7thxs4,43
4888onak2lixw3d4,34
48ggevyo8vhwd03v,87
48qey1i9oqay743a,69
48t5qcdxg7hrss4m,87
48wcjvfs1vcksut7,73
48wl7cff9hf94uhp,61
48zv7w17g6wo199k,54
49dnhn78uzkxyx17,4
49dnlrrumifn7af8,73
4aocu7ey4prrt9hs,79
4ap746gz64ueea9c,84
4aw8ou4r5m38vx8x,25
4bb2ugk1524m6qzu,19
4be6yxm0m4x9gdbz,21
4byyuv4pffalquay,99
4c6qwatvmzvfu35s,55
4d0w6y43t113oh5v,3
4d4u6qlmii5p68zg,19
4dd5goqnr2yjg1rg,66
4dwi5p7bay74upyt,99
4ech38x2i55f3210,75
4euz2ufk2t3z1kta,7
4evl89bx65anwnk2,69
4ew7fzum1x5rjv2n,19
4f2jqt42h8ib1rza,21
4fdakuaikeg9v5yc,81
4fxi19isunsjf8r9,91
4gfa78pf4ld2886o,18
4gilnhiuu1qwb8i9,82
4gj62atzdapie4bz,4
4h4wfbyy37t44zgh,23
4hbj99zd8thkhr8p,24
4hbpkhtz5nje0bey,47
4hdw5in8iduys7cr,62
4ht1ru367g2x4ehv,19
4i3fk03z3rdwhati,81
4iefryeohrrx6yug,42
4ihbfh52pulq7ktz,76
4ikehtalmn3wj38l,34
4iot3dt4fxiwb7i1,24
4iwkxswkiyzqqifn,25
4jk05jnqgwm8dtlz,8
4k41uv1kyrf36w4s,37
4kbx3q6zdf3wa5wo,96
4kr6as38lp9osrpg,70
4kzhzrkkmphnfxvv,81
4l05bu8pqf6a8b40,13
4l91gscrcp28qtp4,21
4lap9tiypbsn24t7,52
4latzuhn5c9wlppd,59
4lj88qiw3iyv29s2,80
4lnkohvfk2jnnrh3,24
4lwsx57cfrlrvuw8,55
4lwz5ahff4872qt4,30
4mdm4tltks167v60,0
4mhuy1znz0o48n7d,7
4n18x4y0t1q1wvzk,26
4n1z306xwb5h634n,14
4nanhzl79z6g7686,81
4nx8ib3znk3z8d8v,81
4nye0772fr0jhapp,55
4o9wifv1x01xz20m,46
4obia1uijm0hsjvi,33
4oh0fnaor1p0jo47,53
4p5bumvrhm1ptrc5,81
4p9z5756axofy3cs,7
4paj44dokcvan6qq,0
4pct9hjpjw8hbv60,4
4q7nyjnyccirvwts,98
4qb4581t3r9f2skd,3
4qg79163amcknx8x,15
4qj48albdnqks4yv,66
4qs25oz5fshp18xf,89
4r1ftmd9fu5e6dle,57
4raorx37wjfehs8u,48
4rbbsdfwyd1z8fcy,45
4rdt6yi077dtc4qy,68
4rgibgti1cl697gk,74
4s04fn062ker6cfv,15
4skcrpnyjbee3mgi,87
4tua82g79dme0nm3,22
4tzutitcuvoyhquj,4
4uc7ui9mgougw4f5,64
4up8ugmhmdctq8qo,45
4v2chjv4kyxyzfjp,31
4vewx1ble4z07rfp,64
4vfkbsnfzlfwu5i9,4
4w2oofr8mf1nj25j,81
4w8u0rdxygz42t2x,21
4wktw24gedbz2m3w,81
4wqspdsdj6emdq68,40
4wt76bidicftqrba,53
4wu03imcbsdbxjhv,61
4x0gzv2h0aomoshy,25
4x8gdt4rgrkz70v3,61
4xywhkb6zabktntj,67
4yde6xy002utlfyx,68
4yzyit4m4jjsnlc7,3
4zxjv67v5t3ti80e,55
50xpo6yxa4ve1ezj,21
50zeepr3u7xy8sy2,68
51y33vnfa4wp980d,49
525olpi0eqj0wh40,94
52e1nunxo9ce8bnm,13
52ib00bguurfcill,4
52igea90lmuc1d0k,4
52l8fu5fgf92nrp8,80
53ctiqxxsjjco0fg,96
53qmcoc5eu87yj0j,89
54mpbttviy70lf31,79
54rf8707b55kz2r8,88
54uqf63q8sndiumq,21
55d2uqdr6jmah0w8,5
55kif51k3a0uc2p5,68
56365oqom25hutd4,2
564eef27nd7u6nu5,23
56lywbnd1i6y47gi,81
56meh2s3qp76g5y5,88
56uz69zdffe72lk3,7
571ka3xggy94lo9r,13
574bd40d8p56ab76,47
57cnhl089s94jmyr,84
57g9wt26bk4css4m,65
57leu8em0vonf1lv,15
57n8dljtr7p62jzm,87
57pdp9qd2tfm6exh,70
57rlg31dpyzwkk4f,18
58hptcujia57wcsm,45
58lmnahoxwuulkgy,57
58rhdjvmkzjtz66z,51
58wnq3oqwfxuf1le,42
58yzsmcm51u2dmua,20
59201fn6a1cwqlt1,65
5991pkeaf3l0haka,94
59jxlbs0yepp1gig,53
59wvvg519d9o77vr,29
5a4e9i8xpi0cfcxx,78
5a4vim0zyun8o9ay,62
5a5ye6oncemdvd89,30
5amtjaka5ztlzylm,30
5asmxqlrxg7xsq30,21
5b1pgp39ur687j4n,81
5b1ufmr7n5zflzjr,51
5bki2rs5q2m01x62,3
5brrv1q1yaz2p6j3,11
5c7v3p9phqbkrguv,81
5cg48m36js2jp7k5,68
5cz7uvsmt9e1mrw0,48
5d77hz4wsgmdzpx7,6
5d8w95xz4wqeubrd,48
5d9boanmkru0ah1s,70
5ddn1c6arkfhvqzo,22
5detc3ruvrv0a3ti,23
5f4fgcmk4v5e0b9y,73
5f96koc5y1zlqouz,42
5fmmp2viz0khkcyy,37
5ftyorzzjw7zjhqf,33
5g0ahby11flbb7ft,65
5gb2bvqcigd4tgrc,89
5gga5f4az795qdd2,20
5h644un9f44bno4z,0
5h7t3b0q6sx0ost7,29
5hixlhd2riqgwxbd,42
5hwheau8de82utb8,81
5hx10totch6x9745,29
5i1hx7oeac13c73s,39
5iafrqfn21u14gpj,5
5idso6us9zeex21f,21
5igkcwfbniskw7pz,39
5ihcr23wqcf7ulon,68
5iknlva8mdofj6vt,30
5j20q2wg887ymub1,95
5jcpy4x20gu3bsac,7
5jrz610es6oitoat,56
5k9gzm8rl53gwdxc,47
5ka9iajx9g8incwi,62
5kkzas7lm9nrtik6,21
5klovtgx6xhz6ckp,88
5krmg5fqmhypns5s,81
5kuoiz4vn1v3759h,97
5l4uid36w8hkwa5r,87
5lfvqwdizqsb0y9d,33
5ltdkp5jzuonk95j,65
5m2hodvobzxatmzu,42
5mebyi4yuqa4cyk0,88
5mth365usxbjd718,21
5nnvrchrxyv9jue4,99
5nstuw64dn21zveq,15
5olxds8ct3pd969f,60
5orjg7g8l4mms3hf,4
5otlbksbj2zcw97w,53
5pf8qb58of0jr1kf,37
5pqron9rifo35480,58
5px0qme7hs0usngi,84
5q2w3nldeedyda4e,65
5q7wwo2as1k18ney,39
5qpx2sx81gzpj3ve,60
5rclpijzmy8vj5e9,48
5rl6nuj4nj9qruc9,27
5s0b6ixvlgbv9bd1,0
5scfuwc5d65dtxs0,62
5sfthi7516d0xm9o,60
5si35st98iuioohe,14
5t9r8knrpz199esb,82
5tl8rud287234vfa,89
5ub5k1g0tnxsjcn0,15
5ug4t3l2wk2x4lc8,65
5uwsekbp6bxiia7d,64
5v0ndtbxlr6dx6xc,95
5v33ib1s65gznl4l,14
5vbfp1z6ennwx9mz,65
5vq489culxd81tf6,29
5w874610vcjau71s,66
5wby692un164cu92,87
5wcue02yi0abw47z,33
5wvs27lyrnliwviq,61
5x02j6c8nuc6zi8y,30
5x4651mq654cwm8j,0
5x951yb54ybveez5,86
5y3ribvzwat7rrr7,60
5y718eo73ml517f6,44
5ye9eraeom8it9yb,24
5ynu6xa25bnfzk23,97
5yxtyshd4bsqzu3q,85
5ztwk2zvwpkk2a8b,3
605sbfbla55rrj6k,31
607if8190t07qwy8,25
60hjk2smc3rccqvi,60
61lg7bnfb5w0dwxh,88
61lt4a5pufumzivu,81
61mnx17nfy1ynhv4,30
628qpjzq04uqyws9,13
62fjpwnxsijdbis6,61
62r2b1d8oapq4k3r,79
62s07udnbzwwfjvz,24
63qjlecpro54bbau,24
63utsvee6nhivw6e,82
6403kfssju7u61t7,57
64aiim5gbfuy9y8y,59
64t0oypfohu1q6of,42
64tnd0dgu31xsvow,63
65aoglma5s3lg6g9,23
65d9wa2bj34al81w,81
65ku5lajatqqr7sx,89
65s5ptfaxce85z3h,66
6696z3er0dk8a17z,62
66jnibdc68atbjdy,63
66tmtdhak2y12n5d,64
66tosu3q9kexch7u,22
674nl70wli8k9gch,79
67m0jblu94ql6jo7,92
67ufx6o0gw3po0mp,63
68o5hwh81a84wqlr,7
68rqjc2ixds53o6y,24
69brm7vbasjn1ogx,21
69u7j7o374ajjoen,50
6a7aogp66imzzzyh,72
6ad06e8g54s37cf5,64
6avr06jo36ws8n5n,78
6bip6ez9619xnw4l,41
6bkyrll9uptl8mxf,71
6c8rzra54039gxil,60
6d1ze3586g0608n9,25
6d3r7a47514a3pfo,18
6d6mhwxl4ga49bl8,87
6dpvwp1ejeuk4fmn,15
6dz8qowcxq5v1n36,94
6e0pwqz346ukvcts,15
6ec18hux7uj00yt0,15
6ey31dgbz3enmzrh,34
6eyti5fcrro3m5gk,79
6f4xytrkxen3vhly,52
6f57v624tpnxjy00,55
6fk4hqhjjoqy589f,22
6fmukqxcxapvjpnj,47
6fnm52yeh74ebjn8,86
6g0wquwwx6ixv5h6,48
6h1d9jrd1lyibmxq,81
6hjnieg3zc0anc9o,31
6hphpo9utvhvqsp7,13
6hxlb4u93lewf2t6,7
6j0xp7gpktytolbb,57
6j3c62zebu9ulgil,4
6jv11f0lahgoxzfb,37
6k2iowhntgxbm3zi,19
6kb0pcw8p7l0oee2,74
6kxhrkzwnoocbsdt,22
6l00kuhq2fy7hr7i,87
6l1yeen3q5i0iyun,59
6l6olrge2nxvkol2,33
6lg9u6gkr9bfii7w,22
6mdnbsqq0cchnxuh,29
6mfy439ijyk2t286,74
6mid4a8ao54874bx,73
6mttdlshm5xx5dor,73
6n1pzpecche185xf,85
6nc9bhn2wo6wcbgd,7
6nhj1kugoycboxkn,93
6nkgcqcqdd1yvzlo,17
6o1tbw5uv5lk5kcm,18
6o6h4bkvwy36t6ke,81
6ofpsneaaj38mtyi,82
6omphi3reeyau04x,21
6on6hxmojyk5wbsj,35
6p0qrcdoql8mu8zd,43
6p14m2umajx54tnz,89
6pd515yu6cb0ft2q,86
6pi35qbjwpv1sqv5,90
6puel6g07mmmtamp,25
6qqjg91c5b1yaxpt,14
6qzv5y9e283rkbzn,8
6r1evm8nhadmjdw3,8
6rcivyjkuvdnt3fj,4
6sdffu7x740rc4ev,45
6sl5sjfnn0eedjua,87
6tdkjiyspl6h9q6k,38
6tejx8ucbd02x5yt,16
6tg4up46w93s55uu,66
6tn83gy7qg5v1lcx,48
6tu4iyw4glncdsef,89
6tz7tweuk2x1iaka,48
6u05ijsb7dydfum0,19
6u3lv3fm948a8u9o,8
6u83nxlt4os9tv19,19
6v5n0e754yp9wf04,73
6vnwy7my9gbj09tw,63
6vqytup6hlg0388s,60
6vwjnbzjaax10u5h,57
6w0exsudlutlna0y,3
6w38ggpc8pqdvnws,90
6w6j59ebxlemf47e,38
6wc5zdo42v4nc0g2,14
6wtthdiy7249v44d,23
6x3lmiflzf2k8se0,86
6x93s3zpzoyisssf,13
6xigxpe5etlybv9e,81
6xk7tfl8eb9t396t,20
6xkephokwaox5iin,34
6xkly8u1489x9q7t,56
6xl7j2moyx2epycf,5
6xsdfh4h97f81t0z,61
6xucfyj225u72pox,86
6ymo0geqtxi5emy5,57
6ytnalf9kqkuwv7v,61
6z3oyv0k0knhncky,73
6z9gbhylu6sbtuzg,63
6zncyk2kr7h2zvy5,42
6zqdyammlecz8c1p,44
6zwukk73t6pj7jqb,67
70baxpjoo4fi9dot,11
71j6xozec4hmzwza,41
71m4zcrifmp2ktd2,9
71pvfirjrj52gq2p,53
71rmyfxa7jfjjig2,21
72198v8upn9c8v04,90
72939dg6go35nu4t,22
72a1stgpy765g2oy,74
72hwvk0czqti63je,69
72jv3s21qrv8run6,74
72v7lvnbnw8sd7wn,15
73thydb235i07pyf,88
742z48kdn91x9d0l,33
7481yyk8g6kyee7u,25
74a5c3t0wei6estc,59
74hn8ye1oj1s62i6,87
74t6bzr271a4epbk,81
74vmq4dgp275uy7m,57
74wax2dbazeei8mm,86
75imptj799vuk5z0,76
75zbwa5ce2m1czjr,7
766ibgjhyoyryuxu,56
76kdy4rjjasykdrg,74
76q8v86gy7046vzi,59
76rqyowuzz0t443e,8
7767rqmml4puvdru,69
77wq3wd55bm6jsz6,20
78319syz7k7296xn,24
78esgxcwmehtyueh,76
78pbz0li015vq5bi,35
78wmuyr7hnh6proq,24
78yyqdfnm7j9bek6,15
7901hsj56oigo55s,0
792bygjvf245k5eb,46
792wwbnpym7il59d,8
79ep1o87124gofvt,67
79jauiaahrhm0l8a,31
79jqse0es2u2grnk,59
79mno2zacyfcsxn3,48
79uitdmwlbxznw8b,81
7achqokogqx96a3x,81
7aeh7l3mxenbiy3n,87
7ah9z0dd2oem3f23,73
7akhwsb2t1m4q4ri,0
7ano9nsn994zl9e3,50
7ax96f86ua90qp81,80
7bdvsbu4llhidiq5,86
7bsdmbhps18y6uhb,71
7c2domhbyxnvb2mu,34
7c7rmpvautqtatp5,60
7cwrnhw5bs63xmvb,44
7deh03uj5cydzbrg,89
7dqp1317ahubaps1,45
7dx888uoipd4o3ns,83
7e38ntb3x9goeuj8,89
7e9cnqwwxw49kmr5,27
7eqz2fnw7erizd4o,19
7esv4gfqaqal5a66,94
7eukcntp6ybxz3nv,73
7f0o3fl0bg4yd4fx,86
7fn7n3tllxs5knd8,61
7fu9wxsy1j0b1sj3,0
7g5494f1mgogn80u,42
7g5y19cvfp1i4d5w,24
7g7gltutm1yi38mn,31
7h8nb8kiibnubuga,41
7hcqkudxdxixyids,22
7hk8ycvb5rzhrhjw,15
7ho2yuo9dcnw2rca,3
7hxuln6kcly94qh5,3
7icqji0gmd5rv2v1,46
7ieem94lc4l51m8v,59
7ifklb40yxh3d8dy,24
7in8ikijf7rft3b2,0
7iop4ib01u3ssp51,61
7iw2dxap038xrl8s,20
7j3hnfvuh9hubfeo,21
7j49b9ppcq9q15bf,59
7jkciop8246guotq,81
7jmqp5h0e3krm5wt,30
7jxkaklzuo7ywn74,78
7k2d307bt40kghls,54
7k5zawvj8bsejjgd,75
7kjdvysg79rzkue3,30
7kkbpz7tp1pbrtjc,55
7m6h1x9eynpmgul7,47
7mizp7osemuaf2i7,89
7mnmfqcmwh2dt6tz,87
7n53y4aagw267o0h,73
7n7n8901kwbh16ge,27
7o9pytk93q66gnh1,30
7ol1f5i7nfw864gj,5
7p4xco16i3zv0ufn,82
7pn4ql6gl53xsvaa,36
7pr2nae5wtih7btc,75
7pv4whx151mojp42,53
7q1rg4z37b4ger17,50
7q28koon0n36qmma,25
7q8l4fbr6ryahkij,68
7qr7dpwuz2xd3eai,23
7quruhfaybghzjiw,58
7r98g3iyn4lqhl0y,79
7rc60f34xz63hay4,42
7rgal5ssoy0qn17p,19
7rvwle9bmrba14ej,37
7s40lkb89hduqh5d,81
7sae7ppursxavs6y,3
7t7ibpfcnvfm01e0,24
7tcd0f86ci8piy28,69
7tgbwq8gafj7sfeg,49
7tmnb6k5691ghp4x,87
7tt2y3j0m01bnrfu,24
7tvziwklq72def55,61
7tzlpmj3nuep6gsp,21
7uo5ozuc4yjy90jx,53
7ur0f0foh2gzu0rd,89
7vh49p3q7244hitl,94
7vhmbkake420zbda,56
7vpyhst17cm1m63w,0
7vrlwlhmms42qq2t,21
7w29v0s366hgrte0,39
7w4d2sx6sqpe9e49,67
7wkqktngifeartn3,31
7wp213z0mi1vrqd8,78
7wslfc7ag0r4sxaq,97
7wupgwie74l1lss3,21
7wz8rini7fgcvf91,16
7xec4ea5z9gaow33,5
7xib0kadasehep5w,83
7xjscpafd1w0686o,51
7xr2uz05emopk8vl,59
7xwcn5i3vth8s34l,62
7ygly51p10pfyisj,15
7yrgq6i3m2oha2jv,53
7z9guaspfryyzj5b,85
7zbm66qo9xhyfhsc,0
7zc2v78gxcednms3,29
7zenr7iooqc35iis,96
7zo5sjktxbbd393a,32
7zvg3ivmg5oeabxx,29
7zzuetqxk3d265ru,81
80lzruczaa4pvvre,81
80umrh0lhmu0dhsh,42
80v6oiiov2ls4632,55
80vx5h95fyi791n6,64
81lzldjntd0oobgi,51
81tb3jqv10xl9w4n,27
826z2nz14iew56cq,18
827q5bmeyk628abw,95
829l3ywy9ohnbkrm,58
82et6e945zrwthmp,2
82f2dzik4un9qxed,7
832id31bspewa6ri,17
83pv0chvqc0wy7l1,97
83x758zzfg9b58ho,3
83yzze1s00vqaad9,70
8460aykso1614aa4,0
84kaayswzck9h28i,50
84kl4vbe15ob3j19,3
84uvrgat94ttahr3,94
84ys2xczngfqj7ur,13
8500um8h0jg9wg2w,86
857gf7vy17lbsr9h,24
85fser2g8gy2hs5r,20
85jyeml348lm1q6d,42
85nfsncfk3f6zclj,88
8630c39y4h5qvt70,87
8681pcrv969tvoom,87
86bdzwmlgwbl42p9,14
86chy2d5iy9txsv0,54
86hda0ajl8yhro4f,23
86j5ffrwctmanjpq,82
86lo51zgmilw66xg,76
873h2fub7pkige35,15
8740j7u2dd9kpn21,88
87axatcrn4sijfzg,0
88jvbxqz97e81x86,3
892n0xko4g719yta,34
8a1800gjj29dgr3z,90
8aj3ol2hf3f647i1,55
8av1nb7mdlgtl1ly,19
8b2ycmsw3nonr607,39
8br7cw5smuocs63s,94
8bzexhizz2llfl6a,62
8c03311k84uvv7kd,18
8c3ai9sdoleq71vf,13
8caya9gs7dy6uu72,53
8ccdq94i0ai9hk1d,81
8cd68nls5szpdzpe,83
8cf98b1gt52hui0e,42
8csqiuc05mbdl900,60
8cugxhnphpqx77tt,18
8de5utsx2le88pr1,73
8dhhsdbm7mmfk30t,80
8djmyt15axemlrf4,21
8drmnx26mlv4rvl8,62
8dslr996jmck6szu,4
8e65493nmj1f581s,63
8eo9kzge54tx9x2b,14
8esdfr7w9xscq3q2,66
8f0w5n0x5h4xgq41,42
8f3utn3pjvgtenfn,64
8f6ph398f1cglxw3,34
8fk3smblazfsrg8w,24
8fmj4d03izowwwnv,32
8ftrp62i450j10r3,73
8fumdishgjg9wwq7,0
8fyj7bin3wo2y320,8
8g7eojcvy43gtzfp,2
8h2wk2h7jf1d6cxy,54
8h7o1fdansoplbw6,87
8ie1zl0yzgeo2jh1,87
8ieeiv7voj4wqkkn,87
8iq1wi6f85qv08vm,59
8irxtjx4uisund0b,5
8jfd3xs6enq5kew3,83
8jqmtedwb1su9uow,59
8jvo5eez87crqi95,86
8jx9wuedmuc6pmy2,2
8jyfoblkt5p4zt7u,95
8k3ztghxw0j5cepj,68
8ko5c53zhhoklm34,87
8kpa6rydrlt22h4u,3
8kxwyno5opxvejmp,88
8l454uz6aattvnc4,75
8l9feiw1gh6s2jwx,68
8li04vp01uh4l428,43
8lsqxp8z8btvxw4u,88
8m3uf0uhu8a1rh9w,53
8macq4geo1iztrdu,62
8mc7q8qaaj0k1l2d,36
8n229soeavfb2nkr,73
8ngofqhvmlmf8xt6,87
8novaylxyxiyy053,38
8nrqgohc9mai7q3q,3
8nw2bz2c2txaxrf4,44
8nzor6fu7hk6mtry,23
8om03ou2dosj874e,81
8owo0t122u80hwsw,63
8p9hzy3jrxv54qes,83
8pd9s91frqdel5wr,42
8pdponuqjp3vali7,7
8pfl3hw83oo88ww3,88
8pgihz0mklji4fuj,83
8pigay3qej6rimzp,53
8pnsnl6vksvf8915,9
8pza1kfcmtl5ljwu,19
8q6m1leklqnnrgvv,0
8r7f9u7q4cujiab9,66
8rce1j0xdmntauiy,3
8rf4ua4vxhfs2ypw,51
8s2ag19bhkl1jaao,34
8t85eigbs1rtm4jb,0
8tlqc6yjnmd9zgfn,14
8tn6mvptn68ljv9a,62
8tnde3r60262zcmi,42
8uhjqqtriqdl508z,59
8uzg87m4z826aqzk,13
8vyw8okfgv7s14lw,32
8wo546hgsq5xn091,52
8x1dhb4az6vgijz3,3
8x24i3823ct7s0fz,76
8xa8h39jzisiodh8,60
8y04ffvshu3u8el2,35
8y2z38uyurlnj6uv,36
8yrb4tnk0y368vm5,44
8ysx1z2cwbejiks1,81
8zh4uoxu6j8gki8t,3
8zm18q2qczw52lqj,24
8zw98i0fdedlvpfx,32
902nwvbaf2j5601l,3
903f3pipwclwq0mt,48
90c6nwvtjd5n7lum,51
90mhxs4d4bwvqbjn,24
90osfqqoxg5d2vql,81
90xty1ixj6sdt6tt,48
90y8skwpk1j7pg7e,89
910nvidta73bugye,43
91a3rmvgo410l8uf,98
91bhjyr8inm3xixo,62
91lk7e0rm6b3k985,31
91yvhffwhima9n0h,62
931vaqdh89p8p7gp,46
937w5rsmt7wn7g9d,20
93avtubdd6yovw3j,53
93epv4bmcb082trs,18
93trvy4t4zcnyjww,81
948r1ilol565v6l3,59
94uok9j50j6wrk3z,13
957fo54sn1g2lqfl,15
95aysypofz78i3ge,64
95iq9jtsw8pu0ypr,21
95y7cfzxwyvqm1vu,70
965vrnqz1ugbwqmb,76
966i8axyhafuethu,29
96b40sf6ybcfbxr2,84
96h0vezdypnz7ayk,49
96u2wzugz2czoabf,31
974w9t8s0dw2hre1,20
97888iw7j8vavl7n,65
97hxgbjdk1j1xxi7,88
97jtoly6au63kp90,33
97ope3zob3ohff0b,70
97pjv1bds9ota8xq,56
97vzdo4v198zwtdw,3
98h2xjl88vk1p4w6,25
98tbfweq60uhhbl7,91
98zv981fkulytoxk,31
990c8chwebhd3f29,15
99qymyp8a7a771jo,88
9a242cw8gnbtz9gc,81
9a3gojriyh4859z5,11
9aa96nx1043kychn,59
9ae3195f7m0rub28,84
9aeqcrlnrh0dcsv5,31
9aqjhny0va03t6z3,74
9ari7owy6bvvvzt1,20
9b44vzsthawfp5no,74
9bcfncxmb3he2v52,24
9blz0qpr6ubfanqv,42
9cnx5jsy2bozavl5,65
9co3lhv5e6ndrmwd,84
9d0m0itpmkcj8vl0,67
9d9n33scmgywyxi6,11
9dco5pyw9sejkbma,81
9dgt01pvt6kplgwu,67
9dus6s1epruvomy7,67
9dwos9mvigorw55t,12
9ec6kfz4a71q9cgj,11
9ecptiy5290iax46,15
9evjmw3lsg5i9t2e,85
9evyek2342i38xvm,91
9g9b13vq1gjta9xd,84
9gg0zo5eemlhwifz,19
9ghdfqrzcmjq5iqm,43
9gox15e9jllgc9w8,46
9h1rcofhbomy1ah0,35
9hgglaj9cezsp0i5,42
9hgz6sb4j885098k,33
9hqolh93xrmmr0ek,34
9hrlrqubwxrdfbiu,20
9i62ajerdimglogc,87
9ibx49or87awathc,19
9ij99cylmsn6qc8u,30
9jjwjiskwa0rwr9k,3
9jwehzrsguydkua9,99
9jxieni9waaxiifp,33
9k13y69f6s3i3zbf,87
9k7w1nunw5pc8y65,52
9kv0l5ez0uhtehst,81
9ls0ud43iskylomx,24
9m05vxn0i56lin6f,55
9mgilnzk7pxj94v9,19
9mtkx71tttvxschm,34
9mxv0dfk95k8h6r7,73
9myhhz4ru0rk9rr3,57
9n6aymigpj01ird6,4
9njgreu2o7k6z0t0,57
9nlisq088cn7ltju,79
9nwo2v818cu6qyzs,20
9o5pvmlrkx16x0i3,47
9o8t6n2xw9f34iix,8
9of98jcup7jokv1l,74
9oh2d3gvdtwjopek,87
9p0fp5qitodmwrg4,81
9p2pdceag0i3r2rd,56
9p8ztks66othu26i,74
9qr4xgzhqwpp5e11,19
9qtmmdql22byzizf,21
9r9gxnktezcua3vt,34
9rd4d5ctk301tpaj,61
9rp37aoadehbtget,26
9s5xvao3rrgova8m,8
9sflzl2jxemwb8s6,0
9tafn93bfpqwlb3o,2
9tfxvf06nvbd3bmm,25
9u4hu57yr3fnkkfd,14
9ucxrs5a46snhbvp,90
9ufvzl1b284860lk,67
9uie46dsqlsjd9bf,15
9um2rmduq5lbs0nu,59
9uxpk3jn1lvpvyq1,67
9v6fwdwgzs6i6xup,30
9vfo51pkir46p9iz,24
9vxwhiw28xqgass3,81
9wgvxer5h6nwhv2c,73
9x9gkic87ikeqsp9,31
9xcp3imm5jzq44ci,74
9xgqnja944nn8w2j,60
9xw5xoln9gqr08u8,65
9y0dr0b329x6wt1k,3
9y7a3fbmuut98aae,63
9y964vlue2x1qieg,67
9y97sgv3n71qkc6t,49
9ycx6y6b179d47l1,0
9zf2tvam8movqx78,53
9zrainb7k92ykn7f,30
9zx9tl7hnpyh2o50,19
a11lbbcbyedzifhv,38
a172mesaqp0v9pl1,81
a1hqb5lj5k5gwf4y,49
a1wst11bpn90wd21,81
a1wvoyd0b0zappjh,0
a21s5mjhr9y89irn,31
a28wieokmo5n671g,73
a2n0ckr271wgqehr,24
a2xsyu104ra19bn4,81
a3dxbhen1hvyik5s,21
a3jlaz48byf6nil6,49
a3pycau4jmio696x,63
a42ew8t4zd11sedt,23
a45xcp9ezt8wzox5,13
a48piwxnxmbn2zcz,62
a4qaler4bb3xbgdk,19
a5b0b1i35spyaobh,67
a5k1wnymxg7bra4a,81
a5kq1p0wevm48de3,3
a6bwpozrnvyidbpj,24
a6fu7307il2glgrm,46
a6h6p3g00o5j4wur,19
a6sifkdepklyx825,90
a7nayz7lriyrufti,26
a7qpuo4m2uweezw4,16
a7w762u4ohg7irbs,50
a815hpldcfm83rbn,90
a8ku22jhjn4dq0r6,96
a8l0relvufl20099,74
a8qbtxpqnwv0g2cb,55
a9kuvt9ejb2a49b3,50
a9t44rf7fhk619hi,94
a9ufubhx70dt2skz,14
a9vrn1sqkdaylvof,74
a9w5dpmxkl2r3nof,43
a9z5g7v9osoebeo5,35
aa2502dk101z8yyd,59
aa3y0d0f428n5hka,15
ab3xibj7rcgi6u71,51
abnwdimpv3m5l8db,74
abwkvslpc3qhm0ze,83
abwye2cn1d556df7,73
acs5nk5bpcpkp3a0,67
actxaukex6sbclr6,68
ad59wlt2ytfaf13e,38
adinfbp3002e53cq,65
aduv77ukg5hdccih,43
ady8sgraqzjjvqyo,54
adzssd2xm59wjrnh,93
aen7vrmodtndsmko,4
af7eeruvmnu9gu16,85
afd6c35fvwy14nl4,23
afu727vo0j8xj2sj,81
afv2rervzyyfwpu2,7
ag1bm8ca2vm5pb81,87
agpzfsi5qc9dt548,72
ahmepwm4hidfno16,21
ai3af9newgi8u154,36
ai53cgz3f8c5eoyf,81
aietbbkfl0o6hfs2,24
aio6ul29ir8r442s,4
aisuyxoyrqaxt59r,35
aixiy061w965mc26,93
ajbe97n1wq97l60j,23
ajhklqtzqr635d85,27
ajiw5kd93t19snwz,91
ajyjfeh8cp5tmx5h,24
ak0i678gr5k76z8v,5
akhluruatl9o6cuz,36
akqct8pper8z0jxc,76
aks3n3c80upf4mzk,24
aleyuyr0qfnq3a0b,38
am8nbj6mlqxft2mc,68
amld78fmyo4vgq1k,84
amp8n0uczpkjsy3r,62
anb7umeskfdcf9ud,36
anha8q1q58an6obb,62
anp13wa05ae2plgb,56
anx20tzouhybfk9j,19
ao9qxywy4w0m9at3,22
aoc4gc2azasb785b,53
aog3h1q10iu3iwt5,76
aot9t76niunrsgro,55
aouobqm6nbehj6od,89
apo5yqvki2wvc45f,37
apt2zlzi2hx0fs8n,25
aqnlw32aa0vqj1pp,89
aqslicv6sxf0ogpn,34
arq2u6x2i51ed226,81
arr7dl9da597uph6,68
as6mx2l24p4c1chs,96
as7w0nc73keiqhm7,56
asokd6hxs653z0c7,34
aspjhksljx2027e8,95
asvjljwyomszzq2d,93
at66xxw9x1lvlkxo,2
at6xdrb1ad99895x,6
at90opkc2i8vub9x,5
atec08akkjokieh5,70
attnhwckndqpcs00,88
atuu3rfl8b9hivlt,85
atuva56lqhottdh5,41
atxcc0rke9b096a5,37
au2o7grmdjnruuco,19
aunolhzwq8gz3avk,3
avg2muw88y1py95t,89
avtj82jjklwt46lg,24
avxn8ure3zc44yqs,74
awc4t8wa99k4u8lf,12
axjf3gororij9z2m,48
axn1k99coplisawm,36
axprmihbn0g3iydl,62
ayid4uptpu805sv6,88
az4oktdulaa3d6qs,73
az92smzu051uknx4,84
azr6opclbr9qy61h,68
azy1tpxbdwe3y06h,83
b09batb1sl18zkv6,7
b0b8r64zbvx0d3wb,73
b0gyvjwinlmycvgj,97
b0l97dw7vo7kfbun,20
b0v6j4k68mm9p7e0,97
b18hml5dwi2rgzqb,67
b1cq5jy07980hf8j,78
b1yph8j3y90mhjai,24
b2708kaua6tm1img,20
b2juyiyqme88elew,38
b2n3qa8ccd3v7pam,51
b2qb7z3cr782glip,81
b2ymtp4y29p3hqyv,99
b2zoflcc0mceh7jv,24
b30kj0rzlaitdfld,81
b3wsgoo8p85lb9om,14
b3xhq5op07a8gqlr,81
b4v5x769gp2wkhpa,60
b5m5p0u5o449vsjq,35
b6cp251usfq01wbc,17
b6fcshvxyez5tfgm,73
b6neh57bwsosmjzn,86
b6v31jotuy5ct3w2,3
b7ftv1bfa6lslxye,82
b7olwzy5ylhrkxcx,24
b7pmg7db2wv9oplm,4
b7wm6vbkjr3johfc,47
b8509tk4yg05h7vk,63
b8clfegwwn6yr79u,95
b8lveq0kl45qaxgl,73
b8x71rms2kjoqy3i,47
b9107qwu7e6716fb,60
b95i5nh7bv13m52z,79
b965ogejzlytg90d,63
b9edsk4elkbq9t0z,15
b9gpuy7h8rnajptn,90
b9lno0c8lo1lrgxa,3
b9vfnkpet8ehzr7o,59
b9zqas0oajtx7rrg,59
bb1gfg08g69xik56,3
bbdawaya4tj95kd7,14
bbdlt2fr5jpu8870,8
bbpyt0or5gan6bkl,55
bceeqkfbgyznvnt2,41
bclao1qdv17xrb6v,3
bd3ukw4vwz63scuv,37
bdg837fn0bzrhldd,81
beew2h0wermdjpxd,68
beslneuv986s0sm9,29
bf5iqln6uyp69fjl,67
bfk5lqazi4pgtret,64
bfow6mosj262owac,79
bfxlnwta9jozrt45,2
bgdcpoqrz7va5dso,42
bgk58znu15c9wvfa,81
bgnlexqqts0lqkv0,73
bh9vb2dfggfg8h7o,8
bheb5sij7xgqoknl,55
bhf0h9nv7y0c73ph,0
bhjhbh8ivnkza3sj,68
bhodrkkhu940hbna,23
bhzodpp4rka7x018,48
bi4em9tgtx1ety2j,54
bi7t7bucmgv9y0zq,68
bian40kiewrurhhv,3
birjh3e8kjpg9b3p,64
biumhrwgg3kovpq9,20
bj87as3ksn1clyt4,30
bje6yxp9xgae4pr4,64
bji4mcnwyhd5iaqg,57
bjvkm5pr3u4spseo,54
bjwn94ptn3h7ubst,77
bjyrqbigj9gu998w,30
bk7fzyttod1z84sc,67
bk814mtngct5e14f,60
bkgui7nvj5t03q03,31
bkrs0h9aaiag306j,52
bl7bp3m3ch2x6bkf,85
bl81jvbohulu3n96,88
bl9djgfhhfm8q2e1,38
blm3fk02me79xkp0,95
bluuripw5hdm5ghc,89
bm8wpyik5iaqywg1,37
bmqeywkip5ieplf4,21
bmwmfwswyrmwt0q0,80
bngna9wdqp7mew43,73
bni4naslff68mhjt,32
bnkhoachyk8wz0mr,84
bnvt3c3ox9o5itjz,76
bo797tltgznio7oq,55
bohwxrvd950v3tyd,41
bomeh4rw789vumwz,94
bonf36ijz1r7ssuh,0
bp3a2mqbv2euv8gp,97
bpwv4zsrunqi2dhe,65
bqm96b5hb84sqrx9,17
bqodb5f2jgy4uf21,74
bqp5kmcou06nz2oc,63
br76r10fazse9q05,78
bsbzoyshfbor7uf8,92
bscd72wzo5dzdc4v,81
bsfxrses4ckx3b0r,81
btaosmj8t13j6iay,44
btgb0f239pmbx38v,87
btqlw9d359h6zti6,73
bu02yqxknhybzeds,13
bv3h0y9w5enles4q,14
bv62vm7iwex8lqws,81
bvfd2txyxqn16egz,52
bvok814s555dswc4,13
bvqlpzj7a25rif30,53
bvxf4kmryj60mvbh,78
bw6z9nub2a0k9p89,81
bwdws88mymbyzzqa,62
bwnbdzgkdiqvpu14,49
bwsvfc4j2263r8n9,0
bwxl3pbj3ca2b0n2,81
bwz6154xyu5x9u6o,54
bx9ty1dzstjub3zk,51
bxa9jaeiynz7gs9l,15
bxcd0nkwbby89lfa,65
bxrtr43bxoi6zi24,62
bxtls5ekskpp6uum,55
by4nhmcyjr6olbjd,99
bybpgmyvh1rm84lj,67
bymzutl9kmlhjenk,74
byzyk4nau3p9m6rt,62
bz2gf9wqwrjqkbwy,62
bz2lbn76or1eym32,81
bz6vrq1p7xgx93oe,17
bz8g924z19zhjw2g,60
bzbyjxmxdisn951f,47
bzujct5chxnnae2b,20
c0hddhfq5dywzc8o,29
c0mwtdexcuiqy87d,73
c0oxu0kzl4o2hqhj,74
c0tlwerktwzact3j,62
c132v7lgi3x00czp,49
c1h5o3rqireolqh7,61
c1ork12jr3naounr,93
c23duzghgg2a1567,81
c2c7m1y1ow7yrww5,41
c2onza58x4x5e35a,25
c34jbuo6jbwmgkki,13
c35ftzfuxivnleq8,70
c3fe7vl87bzpii9f,53
c3jccae58dutz9lg,84
c3okc85rpt2q0a9j,31
c3p8ueheh449tr2b,76
c414shm83htwq7p2,88
c42k76c9ifr8sezq,75
c46us3kmw286xv7t,64
c4gteqsamrsdjz57,31
c4lh05q2evtsulnb,70
c4n8x5hjdsoamxpw,59
c4yr2mt4sb538nhq,40
c4zgkiuory56o7h5,81
c4znt064iqm017tf,67
c50nllq8kr15vhcw,5
c57zvvkkduze21rw,66
c59gzfzex7g8f3d2,42
c5tiz1gafiz3jztc,68
c5xcpg4jh19ynkl3,33
c6011nijs68y3jrh,84
c61mfgtjwdhfmvd7,62
c638c0jcuynronda,80
c68wko4gczil6h90,97
c6hqn2412to6kj83,19
c6nnbo6sth44pt0u,43
c7ezb7oj6bu2q71l,33
c88za9k5peednryn,87
c8oxcro5wn79rx30,81
c90smdewlmosx2sg,65
c9ar9racdsu7yjwa,79
c9k2fg7mvurshlkd,86
ca50f4a1p4mjif9y,21
ca5eok0hc47faxdb,86
ca8hqlw9imhq61hp,80
cab1oi66wqf5cyoy,63
cadgne7q8vlsx324,31
calt6h555eae4z1o,7
caooczz6ad81zyd5,68
cazmkc3epifej95l,65
cbrdw9ya8lgc39nn,24
cbuc2ogyf6gslput,33
cc0qf6d4zhxqnfkj,81
cc15ybb5735zu0yq,36
cc3hjbsu1qw9dpfb,67
ccboic7rnsk2swm0,96
ccunzr5pdyduvmpq,4
cd1ediu44h4l0115,81
cdhtm0r40g23fprh,46
cdrupnzt8mpuu7zq,94
ce12k9b35ddjoxgh,28
ce1t3chuqj8x64dy,4
ce21db6j2226svzz,30
ceajy1l442z8cldd,44
cedwhgfube0nmsqv,80
cesowfzuemv0bp51,13
cg22zsy1dv3psova,51
chiw898rwlomgols,48
chkcr0xeon5y6jkz,83
chljkupjzpi8tfuj,89
chu99z8rktvp5h7e,81
chx9mpsyb785kxyf,81
cimrklze6or9y3fr,74
ciuwxvpefocol3rz,63
cj7w2kg2zvvn31d0,89
cjbwyj1a131t1b6q,34
ck4tl605aytgi8q1,59
cka13hj3h7n6lvtu,0
ckfr99epnq399kqn,53
ckrwfv3jwbevwffp,78
clfd80djsj8vesao,21
clhj8ane9tlktz43,13
cli1g7mg0he2f4fo,44
cljqe5fhswkyrjcs,89
clmul82tk9j907k3,79
cmm5uu1nm0c8fgzs,62
cmqp9fpxpkpcyt5n,80
cmsq056fjoy53jo6,79
cn8qehs3gymc4z2p,14
cnoff48knwofx913,63
cnsxmibaa1znvmnx,65
cnwwndfffis156om,69
co5i5txys7nsxkar,4
col55bdit29d7cxv,0
cox5vp2u0u1mdfxo,94
cp64n1v7zsqbw03p,41
cpnlk1zcola913cw,17
cprvigcjlk4r773p,38
cpux3b0f45p0me0m,31
cpylffsczv0razi2,53
cq1891zriiue0xfu,81
cq3g0iikkohfhepr,3
cqvtv8q2vit215nx,3
cqx4ueszctlet7z4,70
cr0f0hkm8nkcq3xh,62
crl7f0sylpcmyp9l,24
cs3upoyjh1maghzt,51
cshgwuae0enxcn84,73
ct45qh5tm705bz6u,3
ct4hiur9mp0auaos,61
ctdlfume2wacgqai,0
cti3zks8z9tfe5cg,15
ctmt5a906b11fy2b,30
ctpid2xg7l308hl5,22
ctpr2jzzp6qnvj83,42
ctsdqlg49k5n9c2s,22
cu1gqo1sc1mlsra4,28
cugu7gsrus1ytnsz,3
culxzl8cvjkfk2dw,27
cunb1if0fvtj8ylp,95
cuop2qi4p5e8lt80,93
cvef47vopmcf2zxb,68
cvokk6o9a8hqf7sv,95
cvz5nojvby9sego7,50
cw3cc30iqmnii7re,17
cwyw6b6nr6b2can9,21
cx5whhg3j3mo0ozm,13
cx86p7v6rw483j0j,3
cy2w7yf5aoh1z0r7,47
cy6rn7ycld7oinp5,94
cygomk9j859jrsop,47
cz6b9818z3ecn0lz,64
czhgpabx0pioy68o,51
cznlvmc66hjxjdml,69
cztvbf54t7774jwq,8
czwxjx3b10gnqczq,90
d01szfvuqsptoz2g,89
d09k7dogjo1diw9p,63
d0ezrnuyfyhs7cf0,29
d0jwrl7dx2q4n719,24
d0tkl49nkj8qqk33,34
d130t36vmqlnfxk6,87
d19zepz5lfvzd0zz,21
d1e2rwv1tbxcrfta,60
d1fm6dfq1dzu723o,73
d1tn6drqddvk6pp7,4
d2hgop0zoiynt6d5,25
d2z2b8xao54obmm4,44
d370u3r24dt4mew8,87
d376pl68l8gpgdnm,74
d39tktjny1s1ur79,11
d47b8ceu196s0cq7,22
d4quo3oftg5cwo8r,27
d4xcgg857c8eclsi,38
d50idfde8fb0x1am,21
d51azctkdcu00wpi,52
d53fqphzqi1sczcr,19
d584qyq6457lqc8o,63
d58hi566h1ks7w77,12
d5puzejwzq5u8xog,67
d64spe4w2bmp4axj,22
d6d63dd7czymubwo,14
d6z1owjpd1q6ed6v,45
d74mxgcwgl9vb3fq,42
d7a39oibzzqb9tnx,81
d7k41unxoe7w1t36,62
d7ooh7jcet9dihm3,15
d832p02p1lnhlfnb,48
d86jac5uiyy5ml6u,61
d8kycmh6rqbevqls,22
d8smvfuxcj3lfpki,5
d8uibtvv9szejbc7,81
d8vxxjihech0eogo,86
d8xhdov9evahysfa,68
d93h7kwwosi5on74,30
d996usvfkzwifopl,22
d9ns5i61p87baquj,46
d9r2pws5xvttao8k,51
d9umiwl3o7wpeeg8,66
da87go60c1n8hgb7,0
dae1op0vs5ncuq2z,14
dag7zblg03xz8rfi,30
damu8s5ul67mtcwx,13
dayj296j9i1atgh2,83
db7iquaghuw6l34i,74
dbn8xxf45xzfbih1,96
dbnky4blwfawvsoe,2
dbs884cx6vgdqybu,34
dc4rh222lavswh3o,24
dcxlyihwj5d0u5rx,54
ddfabfxygbfnotob,66
ddj2x57w7fcqcb05,62
ddt0z1jeqo0mw8hd,58
de15rle4ct4tej96,46
de52hhzo0wdz7s6j,30
del3572u2saxhs68,0
dep8xk568bwbg1cc,97
df9xsxlv9idnwmxq,23
dfk957dxdeijdu3i,20
dfkosoa6f071ia6i,59
dfmsmysb3ib9p2t1,69
dfs0sn2sm1bf14r4,51
dfxk919sce3yks8g,97
dgd24h31bq12gne0,42
dh250qgtmv4mebsa,14
dh8qj2g744sripko,82
dhk2ns1sdkcn6vqf,86
dhpw3scli3kur5dh,51
dhz4ikz8ark94p08,42
dhzvketz5k3ieu51,47
di2feuerhcfzrh9g,81
dimzyns2siu0ly9h,68
dj7tjl4fgj4h50yi,81
djjkioz6mayzwllf,61
dk9dae3iasydc4u1,34
dkoxotzsaqc2ecq4,4
dkrsuc1ern6t1lu5,31
dl1g14t52m8u3fxs,62
dlguu0lmgd5g2unl,32
dlrw8hg1samyhxj3,59
dlu59flo4nld8a13,55
dmf2kne28nmp4oif,47
dmwhevs3aw2y8rx0,56
dnhlfc6521f2oz18,4
dntifm88yzfqrn4c,4
do5hby52eq4pz4a5,0
do6j6ohil6wy6azq,97
do7oigypfil60fhk,46
doawljs5v1smxtoy,53
dp1x6tnmvtlnw5kk,36
dpku7e9e8do0uqf9,13
dq1bfg09h8iufhks,13
dqwjn3j1ln17s0ne,23
dqybvz250vhbooxm,87
dr6ovr0cdy1s5dpl,83
dr78pwtpoo4nogux,76
drbjsfx38l0r2y01,82
drn485j41h5gajb2,2
drrmenkj2sdcf1yt,59
drvbykpbs40y37s0,30
ds2yatwqedbucubo,28
ds7kpm7ecrmdcn4i,8
dsp79iqco6uv81dg,99
dsrk8lazyz6g2970,19
dt1rrllsaeiu06tw,5
dtg2am16w594oq4r,64
dtih4bghxlxxjdnv,81
dtve5l18e9d7pv1a,69
dukqezlkvxvnay6o,2
dvb6oktc3dp8girf,93
dvt8ljd9eayxiz1e,32
dvug8wc3avjmwew2,15
dw0e7f3r63ne4a0u,51
dwfea8y3xczjvayy,38
dwg3cfakiwqlqy5h,29
dwi5pb8fvbwwfv3c,7
dwjzaomp9dxp5z7q,7
dwmpj0tuevwcdmfo,0
dwzhdr8ruspu3bgx,57
dx5knb05tvjfj0j4,99
dxcv5h3kcc98d7ec,84
dxmohne9bh0s9il7,20
dxnrhhkkpqr6hfiv,81
dxwbxlrugeuf0u2n,73
dyd31j3gh5kmo4f1,69
dypy5go3j2c604ip,86
dyyzu2wme26p577b,81
dzkkswwvrug6tlrd,41
dzti6ohz2zxj8ndq,60
dzuvr4pdzgka85jo,4
e064u3bby8alkq09,72
e0741llc40yghg1r,33
e0uqqdqu47tuavt8,60
e0ustmy7rmo187yj,63
e0zhilj7muxe921p,30
e19dzaf9e10cm1mk,43
e1ssng1sixfxtngv,19
e24onu4a32gvpycw,22
e2b0etrxc2gzbhjr,2
e2h199txw2p5kt86,34
e2jn9ajjf1w37b9j,21
e2y6ag6c8m0ylgg3,22
e2yz1tm747jvwbp7,8
e31lcvf1pevsxr1m,36
e39ou14wtsmqlqrd,70
e3fjmg5bzmw74plr,59
e3p2xbzi9thl09sk,65
e3r1dyadzy6sy88e,74
e3zsdk9m4824qg5o,70
e46p8bdkfjuybbke,47
e4pmkb7ppukoit0b,48
e5abt8jyv3zsvky4,5
e5bj5wgsd65av6ra,81
e5ikc766bkf8lldh,4
e5qprt2xfansh4br,46
e6tjjzn90i5f0l0s,53
e6y7q1hnasgw625e,81
e6yhqgwgtzlv7h70,81
e7099wnn680rywlc,96
e74nx32klvbwa36u,14
e7c8q73qq1if4qkw,33
e7j7zvf03pv72u58,81
e7rxpd438u1i099d,21
e87adh1s2r08am6j,76
e87n1imhkdma1qqk,95
e8l72t9m1ro0k7io,88
e93zm7drj42th3id,53
e98t7dzhdhmwbh6p,4
e9b2gicus0zqe8gl,43
e9lp1hk8f0w84ks0,73
ea3sanktmo4afv2r,33
ebcddblqfd0rmuf4,15
ebi4oozh2uip338h,40
ebiut6whuih6d5ba,0
ecax06umareg21g1,62
ecepjpdbid1xuszh,67
ecewqpfq2x17ave6,30
ecg2pafnoicyhnnt,25
ecjmfv80ovu2e0tk,61
ecmynwmfxaj6nzwd,7
ecpdjo38dumqfst6,20
ecq8uvsrmtrdju62,35
ecrmvpnvnq5a5yis,7
ecrx09e7ukxmnicc,88
ecvv9tlvd5ez1imt,51
ecvw8mhojlw6a5um,25
edizd3brbfllm56h,25
edkdgx8s2zlkbzkt,65
edmdkbygf9gs0r8q,60
edn3ugsnzs0af6mm,0
edzy864dq2jted3p,87
ee7cxf504db3v8rn,83
eepmqs7t4k88hid4,42
eeuhygbdr0t9sxjb,4
eexqkm7z8pqak96c,87
efhwl3uny54bk33t,30
efszp409w0lz1el1,5
eft6qhdpd946w7om,16
egbox40t5q5tsffn,96
egnekpg3nf48xtil,51
egqlhm86tyof1inz,78
eiblsfklng4diq99,81
eim82561ixn64vgn,42
eit4mr7rg2ds6xi1,3
ej4to2ghagli8lhw,99
ej7hb34ul4j273qt,19
ej85naopskniwc6k,48
ejk4dzs8odj5hrhh,68
ejlpxkqrchhoiud3,5
ejm4w47lb7xznarl,12
ejqkjzeb8m12bw1o,70
ek3yrg0scdfnr6xt,16
ekawximkrciu0md1,68
ekd9240ru9ro0727,16
ekdxs7izjztohk88,19
ekp3i9l8683y33al,68
ektpyulmi88u4cv2,87
ekwxfwqz6xd18aki,51
ekywaza708ae7h1d,81
el3gbzcyqw17uv5l,63
el9eorzmmvnbigac,8
elkw1wjzi6szn9o5,22
elpt24qp5933ncwy,97
em17ljqe9ky0z47y,30
emiwdov620sj9ef6,24
emy5pmhbh9hwwlju,55
ene1d6xkwkxm3zrr,90
enfujv862vjfesfx,93
enlx7n7msb4y1f5x,4
enzvs2si6gn9zk8d,42
eoxtkmc86t4w9jk8,11
eoyzrnhti3rbeibc,6
epat22707nfu7mse,2
epfuotvmuq9m8lbn,69
epw4nc5vz1nmmr6w,56
epwryebryf7ck1ku,20
epx1j89j9wdwy8nk,31
eqc9c7t1x2lkc8xi,30
eqe5x621stn21in0,19
eqlz2xk7uhczm2xg,52
eqqs7fvhcchq7njg,88
erf47uod4xuzrasv,77
errjetl89fhbyhl2,50
es5o408wv75nyujw,81
esk1zqg33wt0vov9,81
estg6zqzdvgpnm9y,31
esxnvmzhei2v4qls,63
et32tv5xtlsxzdi4,23
etoyjpf79q1rludp,92
etx7vj0xb7jp1mb8,24
etz7esorr5999cz0,24
eu4dxga5rnwafro2,54
eue11q1yw4t3iaoj,56
eufi4tb8r7hsymuv,24
eunutx2e4z7h0ezb,30
euttle3rl56f374u,81
euyvjg6vn3uaktno,22
ev995pnlp7ks81xd,19
evomeptw4wiix5f5,81
evt7gkul5uedmh1t,63
ew7zw2klossacpgn,55
ewbvkpo6gebx3ngc,86
ex5d8banghrn5efw,59
exm55pa31ipgjgru,32
exw982c031qka411,8
exzzopzcre5erenp,78
ey588rtqc1h5p0v3,41
eykf0mtdo4on0pef,13
eynvzqo1a999ovhb,9
eyo82dpjeye8162j,0
eyu637qwfsn0xev1,93
ez62kms9k8txa59b,81
ez987pnt3bb0tymv,15
ezq7jsdrgczyxadj,11
ezrk74nqgfrhb8at,55
f09mrveftiwrm7h1,98
f0jcry5f7sxg1fdt,87
f0yejikg4w73ufaa,56
f15uz5u40dvdqy9i,81
f1kqipc41uts0u9d,19
f221jxel1l2bo6y2,19
f2gcz0660h249sxf,68
f2kin1zr2apbj3qw,87
f2m4ok4sx3v4p2k0,32
f2w487cx3tuku42u,74
f3db4f6hmy2ky3ff,64
f3jt7wv2s7wqz4dm,47
f3ros85fjfvpsz5s,53
f3y82enbq6k89mu3,81
f45rx2m8smkebnf6,52
f4d0x181r5km7eud,47
f4he3d8zlyhqfpcg,46
f4rhqt3gtszzjmli,60
f5ih5zpaaua5vsm8,23
f5l47q6l3tot9iuu,24
f5mnn6brh9h7l5z0,81
f5s30ch87g8zlmsy,3
f5wruic7qonhs1hz,19
f61c8iwojsw7xetu,66
f63387fhlswfymki,51
f6db42xrt6raiyw7,79
f6ehfpbw6codfw0g,6
f6ntx0ql5ard4pd6,42
f6q9lbjntbx8v190,81
f70szqhq00pazz4u,86
f7l4hfi049lox98r,74
f7oa6prtr0gxfifa,85
f7vn58ved32vc7ww,81
f8164orbqae07evj,58
f832o3ubvpf2lgc3,89
f87jnhet51p5ms64,42
f8bwldl92jm9oza9,41
f8fkkkckecnc0po3,94
f8gfy98g1zgr20e1,72
f8rrkc0r5vwok5wz,95
f8ue1d8ea5c0cjc0,88
f920ujqoy66ccnay,59
f98fqryr979zeh4x,21
f9p92z5z3k4hvkuy,3
f9pz5qoxxys9n6mh,8
faibei19tmnkt5nx,48
fb0d16ckq0epj7ln,87
fb3b2xkdwnh4ohjl,60
fbar0lprpdy95ged,76
fbhrs08eojcvsk91,63
fc1n2mee91xtmzzq,87
fc4l21f58xarypcv,59
fc64sz88z97okwb8,81
fc8jjy1gcpkwx4h3,21
fcgqcqgyb2jaca1u,83
fclgj37hcqgs4doe,71
fcpk2bx1juhsvulw,86
fd93gdnu7w33qa8c,82
fd9w19c75yya1l63,74
fdkh1fhwgzmmmia8,69
fdnd2ta5b5zxbasr,61
fdzgsnfvrul5alsg,3
fejym4thcadm8mt7,34
femukm1hz2zp0hxz,95
fex5efscq1qyjgmg,21
ffc27ysqrq206sjh,62
ffdrxgr07oa5f9jp,29
fg9k8g6hzdd60kzw,2
fgaej4tf20hhe1ye,93
fgjm7kg8a5cx5dr6,68
fgkoptrkqxm27ni9,7
fgpo3r8we5ezcgv8,0
fgsu2whn694is533,0
fgx3phizxq20tgz4,54
fh1upwxc6cmu9fnv,62
fh9uozc98ft0kdqp,81
fhxteuyg3of8v1n1,8
fi34yxfol2k042h6,84
fidk4z3bi79b2omg,81
fimzb7w6jbegwqag,89
fiq6898uohf9fcjf,53
fiwi9kfzhgyy1xvf,47
fiyh9gfhg1p26cq7,90
fj17za84xgl62h6t,24
fjrltxcvmyj0l8w2,21
fjvbnl8rga95gka5,68
flfwtdq62qtp9kbj,48
fli0k52s7qi7qumf,3
fmegwz2srwvub3nu,33
fmjvh9hblefti3dc,13
fml9o923oz3pw8f9,80
fn16098l4idqax9v,73
fnfkfrd1rtx6sdxp,65
fnjtqqpfn902a3jb,96
fobdlelwwcfgb7hl,54
fopu3qyxsyenhq09,52
fozobq7tmfea2hni,84
fp6x366o5pszfzu9,94
fpbe3p0hsdp1n60f,27
fpdaok9tbf57uthd,19
fpfo0noueoi7a79d,51
fpqpwlrd77speqh7,33
fpz9vnodfzv4j8hw,60
fqdtyxe56l1k2sos,87
fqjjyxbf068n96eq,84
fqy02tncrw1g6224,52
fr1p7dmzls81sivd,88
fr2j84nvnesz5d4p,85
fr96jqspqjcf6n4z,42
frrq1ex57zfz1kkt,59
frru8nkem9j8d2a2,92
fs6pm80pfyn33siu,17
fsalgk63n5uo3rb6,90
fslz79hm3jekascv,98
fsyq3v19u3rrdboy,58
ft28ap79c0bfy9ub,43
ftpef28zawnxy22l,76
ftudpjoofqm5vfl9,6
fu86fwbop8w1cyfw,19
fujasf0bty4l81oz,55
fvd5nd04tn1gp1u2,65
fveu554rgp6sklql,63
fvfnv8z71lie3zbl,19
fvnb4bmju7d7prrl,52
fvu2l57md32d29kl,83
fvxf82osoyl7w26z,56
fwak6prtr1mergt1,99
fwnpwp9pdwv2sl7g,24
fwuybhgr8997favt,74
fwyqadys4k75kx4p,4
fwzz96bw1esou344,73
fx14t4k6fn9xqfcy,88
fxnfma7590067zjn,24
fxuuzsk84uc75lkd,8
fy0w8p5rg3em4qn1,64
fy7sa9ww3d9pm1j6,96
fyehgkh9au8efsh3,95
fyov4x5l85be89c0,40
fz1mo4ys9kkt14o5,57
fz4mje7ef4jbvh6y,57
fzdbzirht8kwuzls,20
fzgrdaqe1ai629o4,50
fzlo85wpwr91ipzm,86
g0haq3b666az69hn,42
g0izkqvwz0imur7o,5
g0lf919icsfgv5dl,2
g0o54j720061bdnf,0
g1425c3r1z9pmqgs,74
g1goiwtoosgfsvg3,55
g1lpfc88izpirmky,81
g1wy8hkht9c20tqv,55
g2nxd4jjnqor1o7g,67
g2pgn44t5aoaoynd,65
g36o9yctn7n14fuq,87
g430dk6fjw8y8e97,8
g45cew667nge7esy,81
g4is56g8t00k4web,25
g53lvj3d5wnbq4bl,8
g587bdako6p3wins,46
g5cde0a9noqi3cjr,34
g5h3z3lzmvj8l6d0,53
g5i13jt4vzmk14ow,56
g5lowozts2m5jwu6,15
g5r429cmzxjfsnax,56
g66qd88yqq3nazl9,24
g6729gjsp99ergjg,46
g6sda8jot7jqxux1,89
g6xslr6bd6jddmp2,22
g6xzdt09xglc73ye,62
g763i3oi7itgfhnr,33
g7v7sa6tuk06pg3a,81
g7ym53mppf6qqr4r,75
g7ypzb70bkzymkqk,24
g8ard6luyjaew8t9,42
g8lm9qdm5zvxnxd2,8
g90ocv6ntug3xq22,11
g9disde5d7fbhjmg,36
g9h3y8nk8sdivs3e,95
g9zadjxyhnct2yid,42
ga1ao37fx80ydamb,7
ga88mih9kpepc9c1,96
ga9xk3wrgruxqm0n,59
gaot9224dm6td7wb,54
gaqqqgukzskgcpp7,19
gazqdn0bqohka614,76
gb2ygq7nrkxs6ao5,56
gb54jti52go13wml,49
gblawly9lxkztb6r,42
gbyf9mv4ckf1olk2,62
gbz49i9d3mz7nyxa,41
gc3yp45dxho8bm4t,29
gcgk8o0e30e64lse,21
gd1so4i4aphg8wu7,74
gd7sjq3y14q8n2ax,3
gdfyoqrfiodhp4vu,55
gdilt8v8rhprhfow,25
gdmkcql5ad7tlbxv,3
gdn0g5k6ilkwi6jx,39
gdp7ooub76fpd20a,99
gduda7zt1i2lqhik,60
ge1o5rc11a2hbv74,81
ge1xbwer8xhwyn69,64
gefmbvg0ibxg7hl3,24
gei6gpuycbqjq9nm,82
geiry20jkr8fo4ma,53
gemuhspuh5e7cw2h,8
gfl4s81czs7y16uf,91
gflwxae4kczzql2v,89
gflx7tqiz8hhp7tf,0
gg9c24uqyvyhw55r,21
ggaypb2spfc0eidv,97
ggmwh3f28troq1x4,48
ggpmzfdbnc7di5rq,47
ggvoqnv48n5el3tf,13
ggwna4xu8v0f6rpb,82
gi0ikptej8t5pn7m,25
gi3g9ippyl6qomn7,19
gidu4ehp9z26nxwj,81
giggyv5vcye5k0dp,81
gigs59te1n9nj6yn,37
gius0zteckj9by5z,81
gj1ltvu9svg11jrz,3
gj23ukhdfui99ag8,81
gj3ikg8knym1rral,33
gj8aq4u7t3tfnog6,49
gjjm203xvny0lw0b,7
gjwyq524s7dcvdnx,2
gk1hf66j8c6zdub5,42
gker85vkyxnx026i,32
gkm5ke06iin58l7r,57
gkrbt0q02xilil1e,31
gl89r1ovn008x5xg,68
gl9acb69vfzpk6dt,81
gla7nou7zgfkaj1e,25
gljoqw2d8f737sfo,62
gmt6f2rcjl15r8nu,57
gmwb34zxrzzn573f,2
gmzbbtqxv5n0ezrq,47
gn23xduvcda5g0ai,17
gnclstruvefmp63s,87
gnf24c9e2on0rg1q,19
gni6m78l9ekqqlhc,24
gnivta57zd77jn2f,43
gnxva40azk8d9v9k,15
go45mugy53jckn40,97
goabzax2k9twiv3r,65
gookknfua1s5yjnn,52
gp8zebmyi2dm8byw,44
gpm0eqe8vytnrlsy,55
gpv1duvqx70wfhze,4
gpvz53947pnepcu1,0
gqglurkvlcp3ivyz,20
gqjkus9qbuylk78h,68
gqsxe8uqbg5fmy2p,59
gqubdooldgwx5nis,5
gquuv1t5x6huvp2z,68
gr3s6rafelb9r6mi,3
gr9gs7yq95pyy90o,51
grfyhisq6kfc0o4f,74
gri1yir6k3aaympr,21
grwipzibhiae339s,81
gs889oej1wbw91ew,5
gsizdxunyca1o8iw,55
gsltmo38yjo2eiwt,17
gsu5njeholuifbkr,44
gsv2hi9asui7kbwl,57
gtg3h72mr22dinun,65
gthqghfisxtswxiu,73
gu2dhhu71y5z9kjs,53
gugeoqpxtxcasfid,15
guh4csvqjayw3n07,63
gujfgvatt4dhfvaa,82
gumgizyuqjei6e9g,81
gussi7m4bngkatuh,76
guticpphmhcbse6d,30
guwabs7k8ep1gk3l,3
guwey93vtnfqo7rs,52
gv7djqn7ahkpjc5m,69
gviaclvmv3k988a5,8
gvk9s6gyxo5nik2c,14
gvss616fc756rngi,15
gw59xdnuwqawbk28,79
gwl4yakfmvlnyygp,60
gwljubh37ikyhc1l,60
gwr0culmcl33xdpj,57
gwrpj9l9rj87yot2,60
gwvla7n3y0l10ahn,19
gwvnvdtv310mvzav,59
gx8l79dz2bvpe7n2,87
gxddoerewxwmd5mq,74
gxsr6e0gi4snnk2z,63
gy0o3blxl3ap4jgr,55
gybywnert0odl77b,81
gyh8qbd3f1grjkww,14
gyloxozl83qc7zzl,32
gyxsrjgzzelyak9r,16
gyys3rj41vgif7pd,45
gz3eukjonhs0wt0o,68
gzju1523564tz6qc,4
gzshyg5s8i95wqs6,24
h050fmowslxteaqd,3
h08iwx0vz3knu05a,61
h0ji48iw1jm06rjn,55
h11x5dd92wb2c3qe,89
h18hr4m9zk2no35y,31
h1mobhdmpowu41yg,73
h1onvf0nrnsxva0p,55
h2badlx21igwkmga,42
h2d4cahbw4wr2xsy,97
h2ecyilefdqcrr7s,3
h2imajanczuzbjec,87
h2tns80e153vq3r0,74
h2yj91vzjq3rowm0,90
h5a56t1qeia1n3rk,59
h5e31f9urxuvghhm,2
h5kb967i25oslazb,79
h5ljgsypnswrg9th,11
h61z4i6epk0s0bxf,51
h6bwytjvstkujnce,87
h6kl86vz9oql8d2q,20
h6xswg8slgg4qoln,32
h6zcjbs10mw9d9ds,61
h70i3vtqo8hsf75v,59
h75tywui53tz2o16,79
h76ouop1qn7u1ir6,5
h7h5dox3cgf12w4s,85
h7p0bqb1w8wf5pqz,19
h819bmk6485o0vrm,81
h83czsvh0y9mvyfn,87
h854b2vhivpbib8z,78
h9bsdydeg4hox3fw,24
h9dvb2gg9n468asn,59
h9n2f4q9e06tg2y3,0
h9yjjuf8vsc64yo8,86
ha4fju25wlo94bqj,87
ha8cd8sb8r128dpy,24
haey3ler4cceyarn,28
halb6imjgdzpnuka,79
haou7ux5sxbcoag4,54
hb15pd49ru4okv9r,4
hbmkj2u209pr0ro1,2
hboziqp5u1fga93l,13
hbpxspn1pgyexew2,87
hcmese1qtmhq3cr5,87
hcnytyakz09i0z8u,13
hcwkd61men2ps9zp,68
hd4pc5eg06qkik91,65
hd84a94svwq06kku,46
hdnnde38vq4jlc5r,2
hehi26jq1g4cm6of,20
hemsvyeujfisnc8e,22
heyanm3zyvavlh0s,39
hf6b1losrqy72xpr,57
hfa3okgij1rshy4p,78
hfezj5kl9n5khh9l,20
hfs99rk606z7zluz,53
hg6jhqpumy24w3x1,94
hgehfjh2widgkk94,81
hgi0z3gnut1u64pe,70
hgngz0smuw8t7ijh,86
hgtmu090jkkohw7r,81
hh21car67vr79ub4,3
hh8isc5p91yaaokz,22
hhb28ts7ffc0rikc,92
hhgjyprhust2irv5,6
hhos57h3gv31x9se,55
hi7d8ojkqxtnbjbh,73
hi9miolcopavjidp,24
hj4nx1ga8l4ntql1,50
hj6ngb1scl7wmprh,36
hjmg3hy33766gn78,4
hk3za0nruygkamez,86
hk45npz4anprqx0x,78
hkecq01hn5yjm1iy,49
hkk5pr4ubx2ffvd0,61
hkoe9nfpkqg3dh3s,24
hktmvedlkvsr3yp5,62
hl1mgfyvlnzuifyy,63
hl9td3x9vm09elti,46
hlwmexdxjh2pd631,81
hmu6c69gpvyaqwg5,53
hnk9gh70t7vu602z,80
ho3a6cnctkf66tsr,0
ho8rc5oy1c6sygkk,46
hoswqghezjyjz00u,7
hox64bdnnyaiv3eo,21
hp09w2dg3pysf85b,77
hp4deuw08w1wqy1f,25
hpguauxcdmgo7j5a,8
hpiu1s7sl89e8jqu,79
hpql1mmrx51zq4yd,77
hpqvyofn4d0rz729,79
hpun8l3m3cfpdyll,94
hq3wvv1tksirsxe1,85
hqp3q8pbpyllgfrx,90
hqqxsk61nwrgjk4m,50
hqs2toa55e8r718v,53
hr64a5ir95vekpqi,6
hrahmncndf3d7wzp,53
hrixuqd64yjljhch,32
hs5sk967fxtbnxnw,27
hs8darr8u7oqdxf0,53
hs99ngq0a6iipiko,70
hsd3p2dbkzyf4bsv,5
hsq2wf03b2ro5z7l,67
hswzmy7lzrmylc9e,29
hsx812315jo1yoiw,8
hsyimucsk8864tfw,8
hszfu293lj4xdwcq,81
ht0m48fuupcr2zwb,21
htgku2gn3a53cmzs,51
htq7i1h0278p7tcn,71
htykfddr3uuhmoim,81
hu0u0xpuyjkqsjva,69
hu1tj9n8euez4lyv,73
huqga47st5h59gro,61
hux5j1yhcp8femzn,81
hv1jsb3kz5haqw0m,62
hvd47dnz61mjxyr6,31
hvj6y6vlbwt2h5lm,24
hvxgwibm2g5l7cv1,98
hvyp3snj4h0ojl7i,54
hw6le0ox0kjsrsg8,96
hw73os1jje1vt5v4,87
hwegzp5039bofqd0,19
hwhk3tn705ryp02y,73
hws4dhm9uuxzka66,14
hwtrhkl8funvhcj9,62
hx46erngcda3w8c5,3
hx7tvojnuka8h9yt,23
hx9tibodpzmnrkkn,18
hxja9owgeqezmtja,4
hxnd9wl54sz5qffn,13
hxujq1wt3sz9ydpj,59
hy78ympzzauis96l,22
hyg72cjg2uifis56,84
hygzo78rdngi5ueo,19
hyhrh9z273wjlglr,85
hymcmhi4ozkcfkbm,96
hyqlbefa0osz5s9r,61
hyqyemxrhb3a2raa,62
hz8m2en9ehog14sr,5
hzbmj9astxax9acg,21
hzreukb0ttsx549r,1
hzxeg6gq0h950b8v,20
hzxmua9sc99i9hbo,19
i01arlbk19htdoun,3
i05oku06mprk3a0d,62
i0bkzzdzz5isjbjq,44
i0s3pdkjftz5y8fc,43
i12qxu4mxxdxiepo,14
i1blqnniwy0sxlkd,48
i1p4hhhuh69ew7du,34
i2deyuyp2fa5axpv,75
i2pmn5dade2oyovp,63
i2svx87ws1n11ubw,81
i2wnxld03n9k7n1l,42
i3c4w8azhcl294ye,87
i3na34xch9145dnb,53
i3ni9qas427h6q9l,21
i3w5m6ywshbzzcqw,20
i49p80pnm4hkocoa,7
i4b8bvmxu10ow21s,42
i4r7b0svhrw06ws3,65
i4tdomwmyxsb35xa,62
i4wugft87kln5lnn,63
i558w1abir8v8gqv,95
i57u8g3xbpubczx0,24
i5hd4r0qxe22gami,61
i5i3b8wcsqewztzu,46
i5sa80uheuxidzvh,37
i5uywh1832x318h5,51
i5wr799eomof0iie,86
i5znjfvcpfq6sw5t,14
i6c03c2dont94ka2,48
i6jmd5750e504lyc,69
i6mgdy6v269s8q12,81
i70fa531mrgwt546,26
i70ya48dekbpws5b,61
i72r5zc8xb9oab00,28
i77l44ey01bx1u42,21
i7sgcd80qah8vm4x,5
i85leixw83mojsy0,33
i86tamxciwvabe7u,53
i87reasw8lrafdcx,70
i8gsmzm7bshhkj7o,57
i8i6kg8gu2nfo43d,93
i8lsxo1852wipkii,81
i97a1ued8w59bbqj,47
i97ny3on9dxpp3df,69
i9nzhijb06v9fiyr,81
i9w0py49s678g3um,95
ia27dzqot5tmivrr,52
ia2t6jrovq6t2h7z,41
iafkw2izqsnakdm5,97
iah2ofz1qr04b0pa,7
ib0fmcdewqnkyopm,87
ib4vxhvccf0djmt7,55
ibv5sd2gs5o64yzk,49
ic8yoaeurqz8gqbx,15
ic9z7l8ja7y25fkh,78
icghd07dqyluqp5u,62
icp44ncuenq0h4g6,4
ictao5gdag9tnb6h,89
icup5awnjx6sdlt6,0
idkr9cxju1ahj3rg,30
idys9fu3z12gn6nh,4
idz288vg0w7lugbm,87
iedxfakkpr2d84v2,14
iehoty3al5h3bkho,15
iejetlsq7faumj4i,30
iemt8dt7o9oma65l,97
if5ywkbsfnw5toa8,19
ifomusd8n0x514y4,84
ig46oopa3jw7grha,41
iguv189kz0t3avpr,42
igwxpsilo3ssp379,42
ih45z3r7wobgbgkx,93
ihj5ty6wktkjv6i9,89
ihxzbqph0sz1l61d,21
ihzlvfxei164kdyb,80
iivs1y2l7ges8qos,59
ijh8rpr36syie8es,51
ijl3wtiucetkhfnt,85
ijmai12abbritg1n,9
ijmt8lujhpt2acoc,14
ijyq7x4dk3t8v6lu,80
ik1ng64qymbwd58b,50
ik4wgx9ubs9ujvkb,69
il0297iaxkztxhdj,29
ilw1pgunwahtel8q,22
ilyfltrzgbtj5t1h,51
im068ehcfwymrxoe,42
im3sw4tx21poj60n,4
imf8z1l07hlzkzjz,4
imjak5v44l26yxzp,74
imkg76l0d0cfd3ib,43
imlswnntt85afu8z,47
imztr3uib49y6lu2,20
insyscziezxvek36,63
io2d84mb61u78m32,20
io8z5ei9wyw7qgwl,14
iokg1lf0pe5aif06,64
ioqeugo5g9e8uu6q,43
iowzwwcwquerpq0w,70
ip2pyvuh3dbih0u0,95
ip36kxapasem1a6a,23
ipabzw8jvz0bs2th,90
iph0fjdeayg4hinj,57
ippv1o1dfn450iw9,48
ipqsoluqqol57xl2,94
ipqy9sd5k72r8e2f,19
ipx3186xba548xfr,47
iqiryhkg7rbzaulz,60
iqknjfjm4zp9iuzb,55
iqrw3s8pxf1ggjdy,95
irb2bgiaq55lb4b1,68
irtj4f2300ynimq9,83
isi0mgz1ljud4cgi,73
ismvit7rlxcqi2ds,84
isorb9fdihf5ywp9,0
it074c5zmze7n3zm,81
it6sp3bp609l1lyt,60
itmdo8r27o5lkxev,53
itqisxb9aezqwr5n,55
itr39kclmj793opd,47
ivnimz9l5285e4l9,73
ivnx90es7kvapwo6,3
ivualhychnziwl5f,81
iwe38r3epdm52lhj,79
iwflbliwjzqh6jmc,32
iwyqrcnyeagwjsyt,41
ix1m2t2747z9w2ei,21
ix8hbgn4dtniyp5f,83
ixhaozoctsqqez1c,81
ixudel5p46p7po0g,81
iy2f8pqduz1qlyfd,42
iyk6pnuxwfbmgcq6,43
iyyc825hhz3ja5lp,11
izcre4qwd7c72np1,22
izfgjxr68e1fv4eu,31
izlpij00cd89do0h,67
izxeq1gzta0fqiin,30
j069r78d60s1xi1i,69
j07cbwpjknkaqdy4,31
j0l8guzvf2u8juus,93
j0nk8qgqkgwnn411,22
j0s48u97ptrq51i4,55
j12np0f2joxr02xh,21
j16nj4b5a3t0pcs7,36
j1i66tn05boeyvn6,74
j1kptw3n101d6i6o,7
j1r0q4u5jt076xkg,47
j22cs9irlic6ms0r,61
j2hrieq0hy9poygm,76
j2pd68eaz5mwxdwr,49
j2rk2txd264gwcgl,63
j3i0hu099opuftp2,19
j3nt5ue57x4k1lmr,25
j3oxqdix6siv2hf8,76
j3rmwtx8l6fmjmg7,48
j3x7uz6nkob2j27f,15
j4p2sdc6kmpsxo4h,5
j4p3v96f3xsacpsu,22
j4r2qu0479q1mxmz,61
j4xcb1c12jqffuuy,13
j4xkqrkm98m0a551,76
j50logsexqnsm72z,34
j54y2sdl0m9iezzk,16
j5hysyh28syjz9xd,64
j5kal3pijwwhwwaq,5
j5txdaxxvow19h49,22
j5xgzqeek4ib13yi,0
j6byqocpaewxnruv,45
j77dr89vy9npl14o,7
j7phe08rscaic9xe,59
j88nsbhtp2ht4s3a,21
j8n84pvuq6kfu878,36
j8vr1vf6u6onhxcw,24
j93d3bqbtl9aphlo,21
j9hc2mqapy7n6wkx,83
j9m7ydp7db6sle40,60
j9xnohoz4esvrr4w,61
ja4wv5896cvvn6tz,21
ja78grln4exvgc2z,15
jasyuh2ndesbgap6,63
jb0wzezkc3tfhomy,8
jb50j31tknreu6zs,5
jbaacavgxxrrzngp,25
jbi3sybi8j0kq2xn,92
jbjzm90e51cdxfpj,94
jbnub5fwrskw8l2o,91
jbognj7ge4tiki42,41
jbxlsqdk3rdytt3v,55
jc26sio9wn2f9hl3,62
jc81e3j0zl3v7t7l,47
jcb9rd3lj0yg877v,42
jclg8hsbsud85rll,63
jcqwhd924zjez6nb,20
jd49h7zj2or1lnqg,73
jd69oke5j0cvqd6h,11
jdb55q01cqcatgj6,73
jdjx2lmonzupsnau,20
jdsivvq1k3ehzgcv,97
jdxggc3r6cicyz45,15
je85lv62l35dkikl,30
jeox0q9j1epnoas3,81
jetd6vychysk81wn,76
jfq1yypmdrsqdqqt,81
jftli2tkt01x3kd1,86
jgqju9d5y8jsppkt,38
jhpdoknsw0xhkm8n,83
jhufgxpl9vfhd7ri,86
jidtabbfmu5mi7m4,47
jifzbuxbntdlekts,21
jisn3qib1zl7c55s,48
jj82jwh6fzby3g9c,63
jj8fd3ccasv7dgnq,24
jjixt1r8sqhfbad6,59
jjq2whkuinb3ql2d,29
jjsa53txlt1xlltc,93
jkhpwhqvi94eoyh7,3
jkmvq125l4rkvsgc,63
jkzpz9zkgy4qjakl,62
jl33d5icwvby4cxt,7
jl6ntqgijb7rw7yv,59
jlimq6dyl4torzpz,13
jlp2ybx7y2tip7dl,81
jlt60o4djbter0mp,73
jm84v55dvcbc0xbi,0
jm8ul5p1wofmeemh,19
jmmdstrwtlv0l9kc,25
jmqmqhu4a3lqwurp,81
jmwhahbs58se97w9,98
jn6ykgg4fr9ooxou,2
jncfavp8hmzy0ma1,42
jnlbou5fyqeo3bec,16
jnslunpkcgtmam8r,49
jntbab3qr10u02s3,31
job7317nvjdta9io,80
jogxwwhhrobkltqx,81
jokvkbzj12x56ybd,30
joxyu1gi9kt9am8v,51
jp2hrvos3jqt0ecr,24
jpaa08gycg8rul8y,3
jpg30g6t184re3h2,42
jpsbc58b3ns6geyl,2
jpsv50urf46cj473,83
jpzxjipe8xrjqmig,15
jql2s7jyf7rwknv9,14
jr2mbqpwa9s1twls,0
jr4ywu2gapzvvfd0,36
jr7z8fl1bz111ee9,34
jrhpemogi9zm8yb7,14
jrtskjyyxsyrvxgp,74
jsnaiaaq40990aev,35
jsni3justewwjden,92
jsxqjam9d8icom4a,59
jt4mltps4leirmo5,50
jtpykh8s9fxhep4y,21
jud49c1l17lz5ms1,24
jupubo4r3zs86m3s,20
jv8yb7mh2ocnumko,27
jvf6r47x03othjb1,74
jw3m5iw9rb9frcud,64
jwabpg8j35curxlp,80
jwtg0ijggkd41c9c,9
jx6i8lsrullok2tn,49
jxesksgls57zsfqg,81
jxognjd3h5zb7lyt,0
jxpxj7a58uw21xr5,46
jxqmvnjznvj9ule7,63
jy3i8mjifdave7nb,68
jytafhwn27j6cs1a,14
jzc2m1ykpssx07s6,76
jzjf1pqsqcdqpnk4,59
jzu89b1yiyw02upy,95
k01kkze82htlx0so,48
k0awnffkch5tbbai,21
k0ckaw7rkmcj5e0c,42
k0sewgnfxhptcvnr,97
k17k9e5hqdsxpk16,66
k1cip5xwfs5u6shi,3
k1no08jd76kpszbc,81
k1rf4tp2013ae4gc,52
k2u19phpvuuy335w,65
k2yzjwo44i7r6cxo,81
k301rx0b73cuz96o,83
k35dlthdeq7gt5mz,39
k3tyjlz9vz8uup5u,68
k3zynalvwebzcye8,13
k40mphizwpas6s7w,59
k4glyxjxhjo6x5ji,21
k4o7n3zixl6ldzo8,68
k4qykgho1y6ezcx1,74
k50jx8vn2w61c0u7,35
k51bddilfln9mj9u,2
k51h1wavut9non27,53
k5d7d1ccdknm48vd,61
k5hz3k40aqjvrjaq,39
k5t7vbz22p5v714w,90
k5xl5688rnsbbiib,47
k6n1qq48w6scs4rk,31
k6rlqcn96lns60td,92
k6z5hoq7t0dd6bx7,94
k72g4m19c0lm4zx7,57
k778jgnc1tosylim,5
k79p488wnccrfsli,12
k7g52by985rbsuey,33
k7ldvdwctxpkz02p,23
k7q3pa4ie8jcz7u3,80
k7r5vic3osbcle1c,61
k7vts0fm0op7mrbe,49
k7wglpgn6ypmt1ny,4
k7xxbuf8iowtvdte,21
k7ysepwqngjab76y,75
k7znwmvawauuevt7,64
k887li09165rw7ib,20
k8o9jpta0pnu5y2j,33
k8wkk43erkddpi80,91
k9kwwk1yzpn1e5sj,8
ka6093gvdwxrldlc,21
ka63u0dea1d1wvw6,60
kb8bzswmkbddgu3y,44
kbdx67gbc7yfhrc0,84
kc39x6pi1hj5whhn,19
kc4e613pw9pn625x,21
kcewzdc3lhpxr7cn,19
kcg80x93k60rery9,54
kcn2sqe4u0u1mg44,7
kcr012687lp94umq,36
kcts9pa694v203df,64
kcymffl4iz2jwtt9,97
kdaq7teb9kj7clmr,38
kdpcgnx9p6gorrqo,86
kdqjes9gwuzf2mm5,73
ke9s6s94k2t2ndub,39
kednt0dyls8pijkg,31
kel7vr617azmm66d,0
kery4le3wtgxts4v,84
kex7dg4pzra1x7f3,70
kf1lith0h3y8l5ad,31
kft3e1tthgmanq1a,24
kge2zs4555lo02hn,8
kghtlugciqylvq3y,81
kgol0i6dhsh2pqxr,94
kh883j7vdqgb87f2,79
khijdm6eajyxhwll,76
khogc0qdi4ntxsnw,22
khoy07v9xwcnjm0c,45
khpy26w8iax2wc21,93
khw4xuf38qh5rpkj,81
ki0g5m6tixse8yu7,82
ki3wyl4xujj6khn2,4
ki8wlhf7wdn81nmh,84
kiermb0tiutmfx0o,87
kii04mni6i6a5e7f,57
kji3m74a5w4l7wqs,3
kjk0a27h0yenqhtp,73
kjocfub2f9oj8o4w,81
kjvpk7kd3m33njoc,62
kjxq5eqkfkspeies,46
kl0zvu545krm0rb3,73
kl9lk65c1oyuc82i,20
klja7h0tzd7f2aeh,94
klxnaddn6f247gai,31
km3aiqgdiq7zyyoe,60
kmptrqpkhkdmx7qj,20
kmvk58u60sk2gn7r,81
kmzey908dzfklxst,8
kn7uqt55qchmx66e,16
knjfnaholeygpnhl,70
ko1jmpf9hwql8giv,95
kodb38tz76yarj81,42
kourlvefeksu4quv,60
kp2eeu9paj9t76kl,16
kpd3jcb4okyaeyna,5
kpies49wjjtd215a,21
kpjij0874fwao4di,0
kpq2w8495cln0vs1,91
kpyo2fqkdnx89803,13
kqlc7jxafjocmyqu,76
kqpn54ct07mijxji,62
kqvjqq6bogvtvnsw,60
krsk9croyq1r4qvy,34
ksdfaiipndr6wl65,52
ksjplc7jael2tm9a,39
ksv2458r5vr4p30m,59
kszuczz9k05l9jxt,23
kt4d9ol6jkzppmy2,47
kt4metot7wjugtd2,53
kthym64ytpnhtsid,79
ktkneln87ijoey2q,94
kts4rl0q3el00cnp,55
ktw5ntozokc6npia,45
ku5s50q1wypp43dd,20
ku969m81ctm508gt,42
kuq95pkx7tzsrgmp,73
kus8z26yxvi32utt,21
kut5sspsk57jsjdd,92
kuy3didxhwgf8q4c,56
kv6zlyeb22a2qgl8,12
kv93ffe4par9p8jf,84
kw0shu705xqwezz4,87
kw6vpdqjrqyuvlhc,85
kwblx66hhsfsjgrk,88
kwdowoiaqisiwwev,13
kwe45v90lxhonwwm,86
kwedpo1bfdol0zwu,13
kwgq5rxossm3hkyq,16
kwkz88ox1h1r30zd,0
kwn1wast4w7tq0xh,42
kwo2s2h71i864nbn,33
kxnp41mjn2ny81az,62
kxorfsipoks0p70w,20
ky1lapf4efzrk8zv,89
kyerufphwyy4rumu,47
kyftn8pqyuohef9q,13
kyl7oh4stbnx9p6u,21
kyovw1zfuqnzvtab,35
kyoyyqgetripqa38,54
kzdlk0xz32c4x757,55
kzgqqftvyaaqoy72,19
kzlr91sxc1t9jjuz,88
l00722xwnz7ietgn,97
l019ox1urt8ra1p4,59
l01anxffmd4q79th,63
l01g4hpa66n4h3zi,79
l0ce2ib06yddrgja,34
l0d4gtlwtgz3xsui,53
l0ftr02k4bwsbt6t,62
l0jyafmzvzdq7wn1,81
l103j3ioryhe3mvx,73
l16ywhu10oquomf7,4
l1rabb4aadwnqlfn,57
l2it464pijyducbv,21
l32vuzn79w9ouvyx,85
l3u51egnso5rp8m2,79
l3zhn7wd23pslss6,30
l454jwbuovtngsvo,62
l4bfx4403glthfxh,0
l4l0mvpwvtywbiw5,21
l4pem0r6uhhzxtdj,42
l55nap67tmotulsx,87
l5abcwiidwq99gqz,84
l5dy4621r7goxd7d,65
l6jfdzy40c1yqqva,68
l6p4exqln8puzip3,62
l6y31pwh5lpyle5g,94
l7qlxrjvgzqbyc3i,81
l7ueawlg7wffw5kk,97
l8bs69xtu82lgz50,15
l8mxi4t9b9ojaeoe,24
l905rd0ih83xk60t,69
l934qvueyw024q4q,74
l96sna2zph6mwsap,4
l9gr1phcwc7jitb3,81
l9jsclbcl3ocfb4i,81
l9kphkgowwn6yyf2,61
l9lw6yjpdl3ho43o,66
l9nrncxyexwwsroq,83
l9v61ulkjzy6qktd,10
laafn5nt20it2unm,3
laigicuiy4qwawfu,14
lbdf46nloz3ezm8k,34
lcdrrdhqi43q82z9,22
lceeeihdiwpfy7v9,92
lcharjk73v4w9qrt,98
lcl4x0mf0i7t1q7u,68
lcxxk1rwp2dyzjj9,19
lczgxwduqwkmg3u2,15
ld69s360rngfik6m,68
lddt4uvqb1zf31uh,94
ldge0qlnvdu5x360,79
ldkpgwhxq2iu54of,62
ldq4en4g66zne0yu,21
leeos6nevlq1mg4f,75
lehphby415u3s105,7
lf4hbrbx8tbdp98r,51
lfaiusd6feswed2y,87
lfesrfjgvqfwevsv,81
lfig718v4gdjqbyq,85
lfu8tg4iblq1hamh,19
lg56m00a1v10o40g,91
lgcm5ly7lw1fadma,23
lgfi4jcputekj88j,39
lgkuga8ty5hqqljs,14
lgvr7hpj3qwq4nqa,5
lh0apoozp7zkc99f,53
lh3hgqztsdaxc7sc,24
lh7uca8rjkt9l3wj,65
lhns7s3guyzxrl3y,7
lhqq4aw1c5s6nq0s,81
lhsyykg4tuorme3z,82
lihebv1wua1jawvv,43
liq83apo9lr2knrc,47
livupu52mi6rem9w,90
lja6rgicbi38ddti,57
ljd8a7htiyqqy691,15
ljtu3nstv6salg81,41
lk90antsgnpbwi1l,7
lkqnf4xt58m4o7b8,46
ll2xt4bdnah8nm2f,3
ll6eiogeiaru20s0,8
llllgddf3f3e8gm2,81
llskrz4d9rflfswi,60
llymjojvsvoknb3c,84
lmj0rh2c96r0zfn7,89
lmldhmp56t5yrjdp,33
ln0smmkc2p4eixuc,8
ln6w9w8c2q1zzyka,3
ln936luggiqy8r71,17
lnj0foo54rv4of38,86
lnugr8hdyq3ovcqe,37
lo7w4ckejz510m4q,16
lohlnhr64nvv6t83,16
lopvn5isvhydsfup,2
lp1tecaemgjz7xjt,74
lq0s4c9ufzkj9bk2,42
lq7peaxd4cmhdjiu,21
lq9h26synxi1s5tc,21
lqfrw32632fxhrcd,5
lqgyrtj9t6uak9az,79
lqwf0pqcc0vdiftu,64
lr5en0r0haxxf6jx,98
lr89ibyifdlpy2et,81
lrnjplkfv8onaa02,95
lrwl6pgxxo85q4s5,90
ls3yu6assy9hkbqy,25
ls5ssurrrcx3b2m6,42
lsb242fulf8ps9zo,69
lsgkoy9h02jp2ja2,83
lsziadw9fdvs3u57,34
lt219kaiokaypy4a,4
lte3wq2aekoqup1w,17
ltkgd5h1sy1cpnyt,84
ltorcp45oh2bfzal,4
ltuh1u73pl5acbmk,2
lu1ofr7pzzndkq94,47
lu22ggjhogcve4zw,19
luc0k4tx1zomasz5,88
luxcnfu228i4ss03,81
lvsqdym8uxmm1fbx,29
lwdfbuzo9f139wgs,65
lwer03jb222vchlh,55
lwixmj7zuuasg6py,25
lwrk433mjifmno5a,82
lwrk7dqf85faylb5,24
lxjcr3nq61p3y1ht,87
lxupa2xu7lw2r1tp,73
ly1r33vny68a7cz2,8
ly2gi43jfr29zhup,2
lyk1o5gz8wicry4q,31
lyvc82q1oyzj0rvu,96
lz453fiss11nlpbh,21
lz7hkt5wv53zm71c,4
lz9henk1sijetytp,81
lz9ly4w2pjwd2c2y,39
lzes7pwhu4ry333j,83
lzhzviawlarblk5k,94
lzigdioy17bn4cok,38
lznr8dljs8ypeczt,29
lzsp9qjboqain9fw,63
m017xlngz5ipv2c4,8
m0180cv80ys1amat,19
m0j1lhzhi8sbtljc,21
m0jib92shtcob04o,21
m13yarz8bcyaxiry,21
m1656hakt8zum7r4,13
m18cqmpw1c28v8ul,79
m1c7imwg9rdg5qbm,60
m1di1wzo1c9y0qzb,81
m1ld3r1bzhrg3xqy,47
m25v49tjdqj3hbfz,44
m2b58bw82g9uai7g,3
m2kgl1br1usy7k1v,89
m2llvqru3mfnirmf,54
m2w7c50ymcfdj66n,19
m32akn48arjhxlyi,60
m3tjwll22g9on4s9,54
m450h3i249leskkv,63
m49079sllo3e6k2e,87
m4i1u6cqgxfemk0y,25
m51v6xm8isa009ne,36
m554bein7rkz7sib,45
m573iucbgaby9v64,27
m5lplq5jxrnatco5,32
m5wxro643ykcaaft,65
m5xpx4bycudnvumc,24
m635hef52lg0ko96,21
m6dcu9x8uvrypgye,46
m6ddrhuw1aa6jrbk,13
m6fw404vlawim2f3,81
m6hd6msqjshabxs8,13
m6ozouos3a0wyteq,84
m73mxffz61tp84a2,52
m78khl7nbgni3qj0,4
m798isxunvv1sk1a,87
m7brs79kz9znrxm2,94
m7nlytfuobrtlqac,8
m8aoh3uhssirpl5f,7
m8rqkdozo1gcsf7v,8
m8v0juyo18ov4pk3,34
m8ws75li6zw5vncv,46
m99y06zve2dfu1xq,15
m9caziwrs48qq01c,81
m9d4fd09gtbrcn4x,18
m9p049rb86dqrrxd,3
m9rel6z7flucjadt,73
ma4z0uqkxy4x4r8c,35
mabs7rmi6lk5uo02,56
mamc4mkhfivrpzzh,23
mb39925j5u0z3voc,50
mb7gxunzcamynapm,87
mbbcjq0hm5ca26wm,24
mbbs5mfh7kk83kom,25
mbbtzjmpw2b7uffx,57
mbvqj4b60agcv660,15
mc2c2v8vhchmafao,83
mciwlq1atlv00ed5,78
md3q4u5sx0a3zz0d,63
md74tppphekp4t82,89
mdefnsvfqya00ojq,84
mdt60d04epmm1ben,23
me0rodgl2pkhfjwx,13
mebv4bvp147tr2xu,76
medzaksksdrbs2qk,15
mejt9y1vml9e6off,60
mes38h86o83o6gnn,86
mevu4jksjfemdfus,16
mewtferlb9dl7yek,3
mf5z5ggq8mj8ug3z,21
mfstjcx4v5mxt20h,75
mfvwx9ay5agemufl,74
mg4ifx8dznyx60sv,98
mg5yjwx4rcv7nv0z,52
mghx2gpj804djebd,27
mh8ztubfq18oj7x0,22
mhjj1v5xh9c6miim,52
mhkcja7nykep68as,59
mho5xsq79rbu48ms,84
mi07inv696ycsjj8,95
mi4uteo8dh5p5n7g,92
mitravqyv6j0d4tc,55
mjx17e5wwouwp7ly,37
mka26ah380zntf1t,42
mkdtchd5wmxc5rh1,53
mkhaj4tygcmrqs3r,5
mko1cnd3o699zfik,31
mkzo6ck20boqqdt2,60
ml4cmhfi9udj3825,94
mla3biij3oxp4jla,43
mlol3e7775108r4b,80
mlrfve6sk4o84btv,64
mlvuor1iu472dr63,18
mmh8rkxmy66o7rs0,99
mmk9whylrhezz5p6,21
mmx1yy9tztk0osh7,3
mnadv7w2i0cs4ime,79
mnqtqdhxivxp5xw6,48
mnrrppw2m7xehsxw,71
mnxsgkxq17aciezg,3
mo0d61pgu4w8f43n,54
mo4f3z3kjc4cslxb,22
moj2rdjvpre4vy5z,54
moke9u9asfx99dm8,8
movb1ewi5y2amadm,78
mp3dm5wdw1bqpglu,27
mpc77kb6z5ygk1av,59
mprzjcdt20fsycdi,29
mpthih1c7geh2jar,55
mq31cjrtjhu34htp,24
mq8glkqqwn5xizi8,87
mr9mu777nkp85ppv,3
mrt1iz400i717ad2,59
mrt5zbedfv1a6ui1,79
mrvw5ejtscdwqhww,51
mrzz2jpmddf6h9k0,63
msbc13jflbrtb5o7,80
msddhf0y156c6yxe,51
msjvngy6evrkpvn1,15
msvv1i6rli58jju9,24
msw8ma2p60cfn2j2,63
mt0aq6pjeud5wsmt,25
mte1628n5q7kn737,53
mtirf29o9ak5dw3t,20
mtlbhcteggxyh447,83
mtlroye8ya0e7fr8,19
mtnama84ixsuwgga,68
mtoy81ikrxqt0t60,28
mttspf5l6c2paegb,81
mu8r9akszoros1o5,73
muoftzmozjr4pgos,21
mvmil1gy5x09ogl6,73
mwgstjvgg5g1j4ia,74
mwhgf6y4m7yw65sn,16
mwzhwgvhna7xz8nq,76
mx025d33oqnmc9dj,5
mx06ug0pam6n79ez,24
mx4vngaqecw7lnnm,3
mxn8b7jhgbsoq2tv,95
mycz66wz6e8gifnr,4
mygjpne43y9h455n,7
myhw6ago40pk88rd,81
myi7kffhd28ff13g,18
mz1llqmo7vsbkyic,11
mzattdrjv3w4bnr2,81
mzggaenwyuedf4yy,64
n02pv15spley798m,68
n03qkgfwihzf7hn9,11
n06qa2kiwto0kmfx,21
n089dmfblekpow68,70
n0geyty9gzei76vc,42
n0gfjhbve2dua50l,12
n0u5s2ns9v0zaf4l,95
n11hxljdeatxb8eb,42
n143e4gdf6qtlhc5,23
n1ag3gzrbb2vexnj,21
n1qo3growgqgnozk,61
n1smr672zka4mdfx,51
n1tm2fgsf6zbv5uk,47
n21bl3sscpcxn6k4,54
n222jyl26v97d2do,4
n2f0dpg9tmf8ftn1,19
n2wio8yn04wnj4p8,96
n35n1ivlmm0k5ab6,54
n35r7barrza1sjpf,46
n45kmzsbow90cm4i,81
n4gat10yhg6755os,15
n4s115hyl1ivhove,64
n4yykpawlfwsdusr,92
n4zf726zgmywdjul,96
n58wh2a8uog943y3,66
n5coy837tqcpmhli,27
n5ehc7v0p1dg4oxe,63
n61m8638l81ckvu4,62
n67tkl91y982pbjz,70
n6ig9kf8je1qn92e,76
n6mzh8u1wnt0lb5j,27
n6o28zs215hki3zk,30
n6s972im3rf3dzzh,61
n6vqjyts319rqegr,83
n6wnzkmmrjqrnp8k,44
n7a29nr77q795re8,22
n7c1lffwbncwwp1q,76
n7dvuiey9r6r9qd0,64
n7jbx6w7tr5u7lfc,44
n7ptgsg8jg4v68r0,30
n7qdct92051tlk64,73
n7wzpj841qq38os9,90
n885b1fb8mhh7qx0,95
n92yngac584jg72t,74
na737gkrsqwbzst8,43
na76hu1pgbbv35an,57
na9mqh1dj9rreil4,3
najp3psmhkfc663u,84
nap0rqgaetyewws2,52
nawta822u82bkbg5,78
nawzzcriyw3qd9ml,55
nb3auy5ce9u2872a,95
nb49h6ef5a038kq6,89
nb91li03yb62rf9a,38
nbg0a1q2lnoia8e7,63
nbke7ff7t7ovte69,44
nbvmk5xcf34gup6q,44
nbxzq2t4tkydapm5,17
nbzdptg1an7w7q1q,57
nc9ow47cmr15lrp2,22
nc9z0a8xjb2dd5oh,34
ncvne4b18iooqs7b,67
ncz5mla824byuqtk,73
ndapbooev5e5azkm,5
ndiok970h2g2pvdz,46
ndmecwhk777jvh8t,95
ne7grcmuy3gv43hh,81
ne8obwkgwdlj287u,59
nemixhar8njxrh97,87
nf8ppn5z31w8is5k,84
nfgx4334odori1nv,19
nfo44aa576noshtc,25
ng8dv7vwixdrcflw,79
ngj6bnro7971h2ct,4
ngjr482qcmvr0n1l,93
ngrfap1i2tzl6ifd,85
ngu1matuva37co35,18
nhfgnm7l6kmgzk8i,74
nhlrzbyuupvelzpb,38
nhrz149j4lwk6szo,87
nhuaq8uwkngafed9,67
nhx3mozbhk3gybfq,75
nhzj79kvghqvwkqh,47
ni5uh5uucfgpqth5,26
nii930nwe5qnd6re,18
njavwt2nef8uev23,45
njlkax0j93be5xs5,90
njo3bxjhjd4k56gl,62
njv1ajn0cal2zgpi,24
njxvvnobn6a1yysp,25
njy3xf40pmxf20gi,81
njym9om73n3mflsj,4
nk6hm1u601l7wm9h,20
nk8a6kfg6lx6s27l,35
nkgjfo13ioixu8gm,68
nkjbxpluustou4wg,79
nkqm2c8o3137mxk5,69
nkxx93q57mhhl9ln,54
nkzkxx65dkxvn0qc,95
nl7lhr85swbtchjh,15
nm5pticw8sfl2zv2,47
nmcaeck540vwpz9m,81
nme0zs4wkgixyp3t,63
nmh8oeuh8o75xpgp,4
nn6wy3oyzuqw73qq,37
nnbi2z1943r4z8ra,86
nnbw2s9o9bz7ditb,96
nnmnjydb3q7kcwyk,82
nnu3uvk39qyy7ges,42
nogh3bjsfmvuwond,76
noi7ej48fvyh6ypy,62
noli7worwm96918y,12
nomld8hr1mwwyt5k,65
nor9v6jdvkoljulg,35
nox7ox6zyw530pm2,76
noyu23nztr64ghzy,0
npe7ynwhdkf5nwn2,83
npt5mtciay5ha40l,22
nq35k6026n16lq2c,31
nqe4eljm9zsxq9ih,79
nra9uipapvv26kao,31
nrb10w7fn2alj2kk,4
nsiolrq5gyvgu4dr,3
nsoq7piexrp39znn,81
nsxakjaj00jadtor,74
ntbgr1lnx5wloxm2,78
ntk651v55ltak2dz,37
ntpcufrbuhimsh3v,81
ntxgrdzd6mzwopyd,54
nv1znlwlmpijws5g,54
nvdvpg3qebpuqdbl,64
nvu6dc3hccwo35iy,47
nwbg0q5chswb112a,7
nwev0xnom5bqqbsk,65
nwhyu5oltxbhcquu,95
nwk8tnmyuv7b359a,61
nxrqknomqzqcr9aq,74
nxvsbl8senxuq2sd,70
ny2finy5nf27n5dy,96
ny4rl4rprvggwdnk,95
nygwgre6d7ep4fve,62
nyjqbcfarp3zpevu,86
nykpcfm27v2730ne,50
nyp0v2a3aoybeiqy,23
nyp0yv1g3dfkdvgc,81
nzhugxlvtq4tl0td,69
nzjjlqt8zpb5p9ko,29
nzo506rvgotfx6km,67
nzughdpnfu4zavpp,21
nzxc9i51mhsvklm4,62
o0515ko4wxcz8ljg,83
o0cemhjr4vyvu1eq,42
o0d6eq2lp6bwszna,94
o0lu1v22bbdbyvs4,92
o1823fqd1xb9oq5d,53
o1p9xkonnhgalw14,5
o1wp385hr0actf1m,0
o2anow7qbg953037,28
o2enaropxbwsw8tv,46
o2iybzuma572r6nu,49
o2pk8cevmyq7a3j8,86
o2sn899xr733wbqa,5
o2z07lqyqr7z0kqg,38
o30qp0r4jxvxnoiw,88
o386p3glmi35ro1f,66
o49ksts2pqfmb28o,34
o4d4t9rs1k7v6nhm,70
o4eqpbo3xfsym61h,8
o4jo37ow3hvrxi21,90
o4phdbccsumt9l0d,69
o4yjits4sohatr1n,21
o55vpd6j1lgrsw1k,94
o5bcpl10wn02bdxb,15
o5cxs0iyc8qfr1ao,55
o5dai5swgzeimz3i,34
o5o9saskh502x08d,30
o5viesr7jyqakf0b,60
o65vtoa0uht2tqe8,47
o6lhyh38tfsbaymc,47
o6ykjlx8m95x0yba,3
o72o3ow8pwwbiocc,19
o7aog8ym496emm16,61
o7bkv5ryt5jdaft7,81
o7putbell75x03q3,87
o7szzt94tsl6xrf2,19
o7xodrz36oapr4z8,21
o81xqitinwqjbnht,47
o8f2b4vunz7cexn6,44
o8qjvhbkqfx74zd2,78
o8typibfvjyrqj8g,79
o8w0k8pnvvp11htw,3
o8ypou3ntxesbjn0,79
o8zwxh73vrq8xj0q,63
o9l2x2vnwx6xzf8n,52
o9mdl65o62dpcg39,57
o9y4ofhip0u2gc76,54
oa1pusg1pcvxnjh0,64
oa21ere3bhfyyyks,74
oa3wq1ivkpf0wy3r,56
oa4tctjgr3bx0t1k,70
oajsafwtg43e142p,7
oaztrcffu2cuvs6r,22
ob46yt98aeqzicis,16
obg91b1q4mpaxyw4,57
objep1jbcrww2et5,17
obr9wvljgzpl2bd8,81
oc3hsqa0zgami5vw,43
oc9wnmneu0u62f69,42
ocjaa03jih49cn1l,24
od1e20uv9sxeuupd,74
od9wmfnbv0ascjf1,34
odh79llv6kizwtra,96
oelqw41djto8b4eo,63
of2jzo5ioqcntlqj,89
ofbu5f8aplahrdu1,31
ofc8iuw5qmfvdf5f,8
ofusypqrb4nvidzz,93
ofyxt4yoaw8jjddq,62
og06bbzhodfgqx2f,63
og1ty7tm6o13w38z,35
og4bwmhu59wpjet2,74
og935y3uths4t5fw,88
ogd68u27emg28twk,81
ogiao6fvcwr4znto,63
ogmayo99ng160n8d,87
ogroyc71d0mmyb8a,60
ohcfas7rh3usyre0,42
ohh7mcgxucwazjuk,19
oi6gbjzfjchsrh7q,84
oi7hpkba18x9tw2q,90
oie1h9dhj5e21ajy,30
oimxfg8lgqwlmsh3,19
oipguls40kxue3po,31
oje08og3qfiwtmhy,7
ojjwas43xr9t0ka0,60
ojp5ik5aa20edo6f,88
ok8znrvum92zrob5,88
okf8oz5143z33x9c,73
okfaxki0ldrm7bnp,60
oky7frsw5xad9ax4,67
ol2gxs2w5ftr8wvg,19
ol4oniygo72x5445,14
olgnmlngux0192cs,41
oli14vbagpznd0cv,21
olp9zveimmynzsn3,88
oma9b78n99ei14it,56
omd2yh84yzy8f193,41
ommsahv5glavw8qq,49
omxrarbb1tk8cov5,0
on5uaoi0ng2msqji,7
on8qmkoylffd8d9l,81
onpdz3eavp54guol,81
onps0z5i8x48gnc4,48
onx1danhqrrpyjq5,24
oo1n2jk5g6wvjboj,37
oo7xmqe7tc501qfn,74
ookqj6o77fh8ldax,81
oontgc263ak1zwss,45
oowpbni3p7dkm1zi,87
op85dvu1zgvs4vdw,7
opaylgb8dcu6pa2v,51
opbputrwd9z0rc31,22
oq5amcqvss92n4lp,0
oqctk18tmdotyh7q,22
oqe3syy0dpcuqj2c,46
oqjsajhcau87b0l4,93
or4i9l1hbkqbg0fu,3
orh7azkfd9z6cns8,84
oriqi2opd3hzpq3z,81
oro2unn3nsz0pa45,5
oshdngvd45j7n420,50
osnt2a4kawyhp91t,68
ososs599jixy7he7,31
osyehft47dygllev,59
otgys2vg9dy0pkea,52
otlagyk2vhui2say,42
otvnh00y10f4dg9j,42
otxl8ayz4o6dnckb,17
otxszxjtiot2923n,81
ou3lqyuu66if7zop,81
ou4aa47xkwtvq7xq,70
ou9m1thfshfiwxmh,86
oucku4v8287sdbqp,78
ourc2lltdzvv76vx,3
ouw23vy2uu9zq1mr,3
ouywkfxnqf70fd81,78
ov017fk3vw0clicy,34
ov74opztf5afrqcy,82
ovcdcdkvi33e6v0q,7
ovm7cwee867s1u2c,70
ow5gvdput83wd17g,33
owfqct7u7782c6sw,12
owkotxt073rwect9,0
owquv2sa6zu10fla,66
ox20aef2z3gsksda,48
ox7biw44p8vk0b99,55
oxeo20mpdnfkjqfd,65
oxrru7chbw6v6wgc,81
oxsby2vc7quplqac,91
oxyrv80mr3tpwb9u,0
oy1hfme0y68zfpcx,8
oyhoadmvoeef2l0u,21
ozeozxex0ye3bkrf,49
ozxkt4gubq02tn8s,63
ozyw7y1xxjobik03,61
p038a0hna7mtwlcd,22
p0cq6ixoi14qbzrr,84
p0cy6zik58rg7l3r,57
p0egm6pdmhrkvw0h,86
p0syhc01l02m7pll,21
p0tlggvk60dry40g,38
p168a13k16tnxoqg,86
p1kjgmw64xbip778,20
p1lemc48yxsivkii,81
p1n8ks1pd4dzwmbj,55
p1qie4hfzqt17yc0,69
p1v4p43haxhmnlz9,59
p23twa8tv1tar34i,55
p2b0yl1n86kzw1s1,19
p2evecsmi10tzith,8
p2fytn5t38kiw5k7,43
p2r9mkun8jevp45y,99
p32ppf1ddlhu0gjg,24
p346wgv12gx0veil,60
p373nsre37ulrf7l,60
p3bd1zp2fbgrlr5b,48
p3ioxwns037zetzb,74
p3rk605amic9rvx2,42
p4pv84r2wsgd0mel,81
p4q0gejm9ygm9ns7,63
p4xsys9inyw7mwzp,57
p54vgy9jovnvnopj,55
p55lkr06977yo60c,66
p5fdnb4cgc4bwm9r,8
p5jnj7hw8ca69ugp,50
p5pdmbzoj8dj5xwd,3
p5q814cfl9sxq1cs,3
p5t1p88pbpa9663n,81
p6hlfticguyjxx8j,50
p6hq6vgr4jxyljbi,33
p6pvt4l2obd1xhqv,20
p6t6glkk9r8uuxbs,51
p7jvhaou3gjnpk3n,53
p7oo2ujthl4qdla2,18
p8ci0dzdpwen1ynq,81
p8dob6b0b69byj8m,81
p8zo5zm6b9w3y1oq,42
p919rm9jqvrcf80f,33
p9mz6802dblh34lo,22
p9tk8g5sqls2nvr4,60
pa3hz309fvkd08fb,53
pa69qhnvbpo5glt1,91
pa9kzky6b7kd60oi,86
pajighx8xbuosegc,19
pap6la9lvpmkng7l,46
papaqzhqe2g5oq6k,51
pazjnlcizxqx1kjj,38
pb3u174kz1cqfwmx,30
pbe2z9wv5p8bj0qa,50
pbjwhiz4pq7rhqob,81
pbl86rgaatk5sqa2,43
pbrd55bakltu3wzf,64
pbyq9btjuonxbmy1,61
pc499e5wo3g0w1uh,87
pcd5e79fcwb980k8,3
pdde3ua7p3k4l4gy,3
pddoi4jampeyuuld,82
pdek5bqqit3r4gpv,59
pdplgwob9ft453ek,67
pdu2hbqn17nit1zi,73
pe6eco386hbvkksu,12
peg5f57iul2wbak6,84
pehby7ukboyolrxr,98
pejyfjtfg38wjegg,24
peotq27qxdys837y,60
pf0bgcqarmm17x7n,62
pfvosf3wkkacx0zd,52
pgos1ul0wk90eusf,61
phdzjtzb9or8gtju,59
pi22gya4a1cp6m3c,5
pilgsmq6dszt0lpt,81
pioa8lke4g7kseqo,79
pjiqh9azobys5124,82
pjzvyf1s25q43n58,48
pkeck9xqryvufp08,63
pkiob6qzageoav7i,67
pkpdsma8knyolql6,25
pkqnf6dc5kzx36c7,44
pkzy6jvbehfb4094,13
pl0rwva0cfuwg1p0,38
pl7p4y2bmw0vizcm,84
plcdw8fas14injm6,64
pls576urf6kzym5u,74
plsbps2i2glss4ec,9
plvp0zr6f903zjqx,3
pm0c6re2nhz6954d,4
pmky64jirnh4evyb,24
pmm9la9uzwduu7q3,90
pmrc4zbwjxpysp31,21
pmxbpk4aeq39hplr,96
pn4pxg5spq25dkvw,78
pnff3cby5r7szpdf,4
pnikozgjyfa1kgec,40
pnm4f9wcdky9yhu3,68
pnn1qmea7o9hefow,55
pnuuw9cu4w2y11f3,89
pnxpezmfd3s7x8uz,2
poeph1z148y1ygyn,2
pofj60hv0zdrp4nz,52
pogvffhay8urxgwo,50
pokffdfsodtwhqca,70
popc6n2ow0wmte4i,87
pp6g43wzknwgwobv,3
ppk83uyt6lnwrhp0,7
ppsq6qtjt3nzm2cj,55
pptv5i5t38xhso22,79
pqeot7cys45vgczb,76
pqj6nxfs3dvv0rok,8
pqqmmavmxnl1wx2b,3
pqum7eurxvws089i,67
pqwaul2co3fztann,70
pqwq83v6pri6b5ku,81
pqx88ez6omkqmfj7,81
prchi5eh9udo0zxm,53
prkcmcmmq48xpk8p,81
prv72ddiunoz37yb,46
przg17qd9thxgpxl,30
ps5vmrm2j523mn0i,83
ps69ayrvck0v4a66,55
pss64nz1ocu1jnib,87
pt2i15wqcpdagm97,50
pt2yqpgtfntjqpjj,59
pt4mf4obepjlebjs,23
ptnmr1zkzylhm7iw,55
ptqp91mze0fi2e6v,97
ptuuksfu2dui63ly,3
pu44phy7a3unyowg,22
pu76m5r02tz08kil,13
puqcgps3nb3jr3la,51
pusje1nvrec1nghz,82
puus229asdxm7yt1,41
puuyqtqnccwi0x6b,89
pv5nrrumhvogllmp,3
pv6ayee90ndkz9bk,74
pvde1yynch4q5gkq,4
pvzi5r0cvhm77k54,25
pwiffygf7e3dpfhc,19
pwpxptmt0z7dc30x,15
px01pu1hwcoe13gl,34
px8iutmymstpp3p6,32
pxa20ljvfi460wt8,30
pxa5ldrzm58j0bwx,8
pxc9l274q9v9dnkb,95
pyhxq3s36k9bf8rp,87
pys0g3xzgp8yhzd0,4
q00yqbnj1tclhmeq,8
q01ku8nu7lxlap3l,19
q029o2t2zhqr13q1,22
q03iu9ux71o4u33j,3
q06uk3cbv79zgd19,92
q07px8qq8c9wxt7i,87
q0u071t5slz6xyvq,89
q1hd7gg5lrgf7dqj,25
q1lyep26vrhslsk8,21
q216hx21qoa5xabg,24
q313f03j8mq8byp9,22
q3fw2rrvtje7md5q,48
q3lxtukgf01puiwp,41
q444zxdwcip2u2lj,24
q49mwkvrau0i9bmj,73
q4bm7mu20u1r51g4,16
q5qf75u4nz6n2elu,87
q63iy1i5atg6b8ey,47
q65si041nyi8s47o,87
q6lo02rg23mud54g,95
q6mvogbge2jgavj6,98
q6u6bwdhcx7bjclg,84
q734gdrl7qvob8a8,65
q73hcv5hc8ohrs3d,23
q74pw3mug3otk4ns,8
q76ytkdkygm5n1hl,43
q7bg4n8dcufhnh67,22
q7lrgpta8so86kr9,61
q7s6iut8t2b3x7aq,81
q7vrr2183e0sp020,82
q868dzfyaf6qjmka,4
q8rbialoj82dyyd6,5
q9k5qcgd3cg1a05p,42
qa92s5q907eg37i9,89
qa9xcgwgoaxetq2a,30
qamcuvwb4vp6mh4h,71
qammv8m7gvwi1ywf,0
qb2pl4izuw6a050m,64
qb4v9hsyvo2p2osu,58
qb4vee9f8qglp95w,48
qb7do3sv6wqwnr8i,81
qbkrewj1jzgifkfl,64
qbumpp1f2kx2uxl9,13
qc8ysl1nnrqf4q2k,55
qciwo84lc6khc5qn,60
qcow1shji2mb7zle,51
qcydd2bo5ql4c236,24
qdbfv6mykx2ut29j,73
qdkiijp6c1k0pt89,31
qdrtrwhv9z00lmnb,14
qdvynau1dq9lmmn4,24
qdwjvd4dhih5byu1,25
qe3mwzktmosiymoa,24
qe7jdyx8tf3jtp2n,96
qekj6wt5kgjpo8kb,30
qem79y5mjpt2j84b,36
qeqsmvfnnibnpjde,8
qevg7meols2s8vsj,67
qf3b6jb7l1jca95t,25
qf8mlb1ss0h7eckz,2
qflsih6yya1o8hmp,22
qft31zmcon4xd93g,61
qfv3jq70ydzjx0j9,0
qfw2kt0sqrbitvv8,42
qgc2bn15ytpkwfrs,57
qgkuug8g95qr5llp,60
qgs4p5z7uppu3kpg,21
qgs9gog48wgzpm34,31
qijfk36d7v0x321o,16
qje3yeymdpgdf328,0
qjex29hx1otgq0pf,22
qjjlkwrdcw9lu7mq,0
qjpfd0q1oyoi3zfr,81
qjxdplw9sp965lj1,29
qk13iaur2o96vp24,76
qkb2g1xbjz9cdvfl,81
qkcncatujlkca2rw,22
qkr6b4d8z82hj1v8,22
qkunzmwhtvsfjwcq,87
qkzrde7k72co5rab,70
qlevw37wj18v810p,43
qlihevvi6exxp8yg,63
qlv0n4xqkbjs60dc,83
qlwk3m93jhvdrhah,81
qly2h45uq9bhmnsk,62
qm4ns6wbrbf5dfv1,83
qmd47a1dd0lag1xc,95
qmlyb8gok9rcpag3,38
qn39e1ba316gmzre,19
qn7131sciu5wymzu,62
qn9dii6yxkrcev79,17
qnebgeuprcdp6h1f,23
qnfpd2xxjsrkxhgk,21
qnkpjiq1485o7qx1,74
qnxdtd21mg5ujnx6,59
qnxetneg69xw4sd1,19
qo36j30jki748oyd,31
qohc86j8wr6i1bah,39
qoz2v3cravu84dxt,79
qpk8sns8z083b5fy,47
qq64tqd4eb9zcspe,21
qqe2n3a5lsp93z44,47
qqh4w0s5ofg20drx,14
qqpt46oob947qvvi,52
qqzfxpvfjqx67lwr,33
qr0nfakpdp89oesh,86
qr0y43jgsou34o59,55
qr4vl85y1ykxwnv7,4
qrj7n1v2wc39ma2d,65
qrnwjg70w6gwj6z3,47
qroqctoo6h9xtcgv,57
qsgmd68meljmg8yo,46
qsu5g7cxirvapz04,85
qswrvqpg24hf7tfx,87
qsyvgg20wilwmynh,42
qt5xe7tb15dhicn5,81
qtbps0hwy9wbeo18,2
qtfd3r57p8uae6lr,51
qtu0igottaqr0lrx,33
qtzu5hkb4wwfzjev,94
qu6qz7ok23y8c4vm,53
qufju6t6mhj1vwnm,46
quh7x35g6i9kar1j,88
qul3wn64vq45zg30,69
quztzmsqyb4x1yww,81
qv04nwi09jy0svc5,39
qv7sfchk95ollkya,31
qvwxq04ue52oddlt,30
qw3cnwt2qrvdhlhl,8
qwbw666v81hjslgj,80
qwctgqzpm4nw6jxp,15
qwwca5kepfbobbt0,30
qwzpw8wnaz87sxbi,97
qxa4bi8ukypasxwf,34
qxlqldx4s75v94a5,62
qy9yxlp7vlrw65aq,74
qyd6pw96o2jpptik,25
qyje8vmysyhrfgq5,21
qyzy3mdlvawl5tci,25
qz4ughagmkbtlthp,61
qzaur3akmcxcqun8,65
qzgnvtnr0nijrk48,0
qzsf9pgp0w58rr73,2
r04hfz5kka2x50u8,96
r0ru8jhyvpw6ta3t,69
r0sozw4iwldxvbla,86
r1bpgh3maqfvort5,95
r22qin7za8o8y4a4,45
r2gyrbvuv3h5hg50,0
r37l7ndurpdis83r,0
r3dngf1pt0w43cur,51
r3eey66ieij69c6l,42
r3j4bft69h2nhv5y,69
r4n0n2i54cioqaj8,24
r513pxjlplz25khg,0
r55epku6wif4ca94,42
r58s4p9rkk1d35bv,74
r5e0l3id3tu2dlis,83
r5ghc69x38ot81pl,0
r5gxgvzcv47k8nuf,21
r5kdp60elnbdklc6,93
r5uyz3kpt0joc4w0,43
r61p9bdx2u44fonw,96
r6gc8p76pbp9s3gz,87
r6irqllvpo4xrs05,53
r6l9peqgo8c1z3fj,84
r6s4wlzs3iwx6rtv,57
r71460o8dxqgevlv,0
r75pdja82h7tz8d9,81
r7g5daa1gyem2u21,0
r7kp8abvamcn9h7e,29
r7qkmdlexb64bpuq,79
r7rhv09unjnwmirx,96
r7vdxm8qwa5glztc,81
r7wsc5odgs5ptc32,84
r84cy2tg2dwqvw86,62
r8mnv6zfmgrch88n,70
r91ea22o1jhvcjjq,4
r9dzjiiiw4vow5tw,19
r9oc3l822a6qg6mv,22
r9t8kj7vpn5gt1cp,39
ra2b02ey1f1tcnn1,36
ra9fyzcqlps0p0aj,36
raeyslsxmo61fefw,99
rajc2otypyqyn564,55
rarkm56nz6u0942j,46
rb4saf1vfzcsc2gc,87
rb54uyebk9j0d0n8,3
rbcyexkxkae37qij,17
rc3cvwjljhoe1ztt,50
rc6ve54ppccdj52y,61
rcuxgg815zmfp5qb,70
rd2v7s7tbi6tiid5,51
rdomco5c4bhojlgq,0
rdv89upq8lfl1843,22
rdxtqyi2wjdmj276,81
re1dfpweyyy2tnid,81
re57dd4gxtqgeqne,46
re5z9lidga61c5tk,13
rej17g8hzu3cgkzs,83
rekq7fzutru54fqg,81
rgxtqknwmaekhwmw,33
rhaitmgk63ul0csp,57
ria29a7g1jd6dxdd,29
rin2upsxlu3i1v5c,59
rjeagcre9dzwh9vv,16
rjwc8zr5pbd8rt65,81
rjyos5zln1to61bg,81
rkkn2sjjjtqqgd58,42
rkn8e74yy1eot8xf,95
rkritrlw4ogjze4x,53
rkt04e7gclwr9v7j,41
rkwing94i1ol89p0,82
rl40mpul42c3wghv,42
rlgamlawm2ufw1fz,62
rlu559wyi8ih8qjv,40
rm0rye0j4g7zzgne,62
rm626mdtbbpht6k2,88
rmi4uamab967cbv6,81
rmkncsqiyh6u3xpk,91
rmp3203m7bv6vsg3,94
rmpnhgp6imts49s3,89
rn7wdrbu9xs1p46q,2
rnquh1r75ukoxpsx,61
rnuipyte26ayk9xt,67
ro0nqmf41tez7utv,42
ro1a63ii15kmck1r,91
ro2xa0jis19p2gqb,21
ro2yvmvumanhgu7c,75
ro6gtqzqhn59l9bo,29
rok1fwp9c9m6r9eh,25
rolapa6vcuqud3jn,81
ronurzeu4n04iesc,21
roq65sry47zh8lsc,42
rotonqdchpqwqfo5,59
rp4ik7gapp4je3ce,96
rq7krnyzplhpmeo2,21
rqa2cxnbdtklr5pm,81
rrreh7ny0r4yfqz6,39
rrryy3egzjvi4of9,81
rs0zkfgd9ypdn6yt,38
rsb11ht91u9n6te2,47
rsfohe6bq8ipbdjk,4
rsou260yhrn37xug,42
rsp5wtqumaaxv9x9,69
rspe5o0obysjjh5w,17
rt8v3iwsi17m5hgw,89
ru5dg9l5ovh95k9i,3
rv9wge679qcjqc8z,73
rvhwsew3t0bnos7l,63
rvo3av2iccnx0lpi,94
rvqbyuawvg4ppupg,42
rvz6ar2i8jlde4e3,94
rvztzietrh9g6gim,84
rw4fk2une0ctf1sl,9
rw9bl885xb2z0fch,47
rwgagy0pnc26dbso,73
rwpmvm8kaziqsea8,94
rwqysq2qkzynx768,67
rwxwnvpip4w9egxs,99
rxlsfau16k1vg86d,19
rxns1t39lxpbuz4c,23
rxo2nuencw43w8cw,24
rxusvulywl7h4t0u,25
ry276jwdgxrwhyir,44
ryej509a2n9iz05f,16
rynula32ttf2esmx,75
ryzfxgrn7lnyzvdz,74
rz4u1ybu7x7qvfyq,66
rzhhhj2j5ven7pvr,22
rzj15w8xjxy9u3yb,39
rzkrcw22n074ktgb,52
rzn23yehts0yzyq1,33
s02zgldruj3oo4a0,54
s0add06ewhmrw0sw,94
s0cve9czoxon9vmn,60
s0d7we4xtzz7ll5w,59
s0ot7ypb2nmp4cej,51
s0u38wpjzvwwalvd,22
s0x8eyngw1odurz6,88
s131mvwocxosh0ss,24
s148y4do9bv5wqg9,62
s1lgx6cizwtb1fxb,8
s1mrh2nvj0c2mivl,74
s1p4gfkbv7rd6zg1,64
s1ztrvhyfzufe7oi,42
s2566w4982d9fv1v,43
s2umozlxt34zjwsk,91
s32avmmdjxxrz9bm,94
s3mwjv4kz0aq6xyp,96
s3nnr5sjc6n690fe,57
s427gygg698w0oxr,37
s4b7jpwgwcn1zf2r,30
s4d64s31f34wfkhd,47
s4jo90felamr8d8y,47
s4pldur4y9i7lkov,34
s4qpgkjabb91xtd6,15
s4t21rkh40hgilym,15
s5dw99nxhqoaajyu,90
s5h4bgtmiyu3ctzy,79
s68m2ondn5lh82ul,95
s68s56hbw3g6qjd3,22
s6an1qgttq9xtkqk,21
s6f60l7drg37njtl,55
s6frf5ou8g3xpm06,87
s6hxongcfxmkjqaj,34
s6k5t5nxy0eaxvmp,24
s7t9p2opu8a8w4x3,7
s82pxjj6ebl0wwhw,21
s86h1hfe0v6o3st0,81
s9amge4wlzmg9y8z,20
s9r8x4rrgo9yb9af,11
sa05fb43yuwjvk8t,23
saktv9xx2cx5v1pz,95
sb80ya6jux5biauj,3
sb9p1o6t4dxk82y1,76
sbfgy7xzi8eud0yl,62
sbz3cfxqwqxsuwz9,31
scbm7lx03e276wwk,30
scdfag80bbj4r1ty,83
scgnmi5zetgpqkbo,21
scsqxavybv65dccf,87
scubuw7qnrgznlpq,75
sd247qhbz4ixo31f,30
sdw64q42wpwa60zk,62
sdwpfx8e216bmubf,48
sdzega1xeh5gmt6b,62
se9nwzslg0ftznfh,93
seb5gmlazej4wds7,50
seta00aaxv5iverb,42
sf6tpvoyd3kc4y8s,21
sf6umxf2s3e3sf17,30
sfbgib9tpwtpyosp,82
sfcbowicqyxncqz7,21
sg0pb05mudzedvrg,22
sg6r8gua1csvvmkt,19
sgctembac1oyvhfr,53
sgcuy2il48ojslxn,33
sgema18z97wta2ph,27
sgflkh755h47gf7x,42
sggo7oiko8clvb51,55
sgqnlag5yjh4b8rk,47
sgzrinn7a5q33tog,59
sh0688527n2reip0,32
sh2ehgdixu6ck24m,21
shdfv5zttwa2s8ge,93
sii2035hcxpnsbc0,55
sitjytklwmeviosj,51
siyj7xt7ztta85iu,59
sj0i56rh90jo6qmp,87
sjae4bij9prxu6pn,19
sjpmvtuf3xoxiodn,4
sk2u515tmvnq0zqf,94
skpjm5kvnyirmgln,7
skr1c3ojyr1grdsq,2
skrjxdleyk6rocii,73
sksdcvdg3r7aeimh,51
sl3uenlgj23y4owi,52
sl6akt0y3elj5au6,44
sla730udc9u1cmo6,55
slh8qp4x8q2kayxp,52
slkv9rllpd8woygs,81
sllohysbgml6p147,2
sloesej217k8y7fn,88
sm45fof5udg6el6u,42
snb1fogvfnlzijrk,33
snk00vqz4kbysm77,65
snwlhb9pk8hik5ox,81
so4ifsau8zmjk5n1,31
soc2vlrf98xgtm9d,29
soetgi3dzv2ct6hi,43
sonbtunvkvqmfy8j,66
soxu3hczm8duewyb,81
sozo7ztiuwl3bzmh,88
sp08jgeqvae7000y,31
sp49snx27lboe5wh,42
sp9z7k7drdl960c4,31
spe4zi2mxw1k1ij9,2
spefrsprkaiarwx0,24
spg0ikuwnyuh6i0j,60
splsgwwhiubfmbmg,13
sprxam10hwm8u2yp,38
spyb0e1mvd4e7jz6,81
sq2ravwlmlwj9ruq,87
sq92jdfam70x14at,57
sq9w402qkjwdv7b6,92
sqm3iwromc2843ge,22
sqmhctfz6uwq7054,75
squk0gnqsd36tfeg,41
sr5kzfm9wr1zi2cl,62
sr64cwwpkptporud,60
sreq3akldeb35sq2,76
sril8wp3rqfsdujf,16
srpmqhp0984rjgxi,75
ss0r6nw24xd1in7r,78
ssrbkswur0yejde8,81
sssvwx2jplhtoqzu,92
ssui1lij9um5uwoa,89
ssw9np58q397rxy6,96
ssy2ejbpjchdmk71,59
stce218nda6k8kk5,97
ste0yjh28wyw85pf,24
stj9fe3lj0u78v7p,55
stz9gng7id4frdkg,41
su1t8cjk07vz9s4l,97
suvjia05o8m890kz,62
sv1cvoahzfb8rbsh,47
sv6tw7bztu0p41gq,52
svmmtvryla3p6gp7,27
svnjtm486jwx7xfr,0
svr2ii6b61rmbidz,2
svtaqqgw734vqjzh,67
sweiuopbeg53t1po,24
swkp6a6vujn3x0yv,61
swq0vmsaltg0bg3f,11
sx1ak45sgrexd50h,61
sx2135xo1yxkilp8,2
sxv18dajkhzs6330,38
sxzqkab0mwybvb2l,81
syerl1gphdv8ndxz,15
syy3mvgqi6bbdt4y,68
sz8s882cygwzom45,29
t0m3s6yl46a68ufw,61
t0sjqrup3ttjqcks,78
t0uewj2xy6iilq5m,73
t0z80f7i3ewy7zwl,79
t12pkb7ddxrrqc1m,7
t18fk31pvt6lffhs,4
t1ltn3bccqa3mdru,97
t1lzd64fn29uxvxp,14
t24pbs9uvdptxup3,20
t29zopqyco9r1u6g,81
t2cuh7sdr9gaytso,13
t2litienpb4ky5x7,65
t2op3twa9z7col7b,14
t2zpml7kiuqb8h05,3
t35yr978kroyhbzo,59
t37m2yrlkn8l1hdn,73
t3cto4y8xg58j0mp,63
t3p4h876pez8dylr,23
t3rgdcc1us4ckfsd,34
t3y3s16htem3y931,96
t438l4o6adhtuvpf,63
t4f05p4j3bk2h3wr,64
t4i4xhjrh8wp5l26,34
t4mw123lmmusz1qv,8
t5atmlptwz2bxl7v,70
t5iqznrb5aysrx4h,30
t5mga03qy4jzxsmt,24
t5q8d7k4k2vllslf,65
t6d2zrcs5bk8vvh3,29
t6fwy0xgb5f6mdq1,70
t6nehr40i8ndvgi3,81
t7avnpfmnc8i4gko,43
t7dlltbsffrdvz8e,5
t7nr0ycvj2o0zyi0,62
t83xn8uc02m2g4z7,47
t86k4q3yxgf4wlff,84
t8iu163jzbvoruih,63
t8la6ynb22b4p5sv,21
t8ljj7kik57yy6qa,25
t91xsg669g29q4gv,42
tam03yja98ux6nu7,67
taoe1mt4t4ci4i93,4
tat0bvbs0r60uptq,43
tb1vvcs2ddzgh00z,64
tbf81qnkatnsdbdm,96
tbh6sjvlaibvi30k,38
tc57qlle34xc1dea,44
tclp085eh2h92ai8,0
tcpokt4bbapwu52g,98
tcu86ofpqdkmfjg6,87
tdbsb3uoqmzw0shz,81
tdii2ml6voayx0so,87
tdkukzmf3hlqrxtj,95
tdlrtncyoz06xhkh,48
tdt30hm7o6jfu4ul,57
tdycrqg4tyr0v6kq,34
tdzzsu9z0pz5vef6,38
te7p0y7bdgkrgu4z,0
tekbibgifap2r7e0,21
temy8s0ayy91jw5v,46
teyd3zmz1evnu6fj,58
tezw0grbs648aucx,36
tf4n8y1qabch006o,38
tfbsmfgtxkilpbzj,73
tfiy1tj3cd86nk10,82
tfp24s5wstwd71kk,4
tfp5fqd3axix68hf,64
tfzqukigrlng3aek,24
tgce2nvykly67jhh,95
tgfaxvznv9mcpon4,20
tgo1xpfaek96q98n,3
th4f37fxupr6bd94,95
tha5so7924bsm132,46
thjsjvg3iwbajc7i,74
ti41qdjaixjiumv8,31
tjfqpgalctnt2epx,78
tjl2or0udo9cu7iv,0
tjqgk08zrc31a8kl,67
tjwr1zvv36lfcipa,24
tk0gv9rd06j344x3,13
tkl9gpxzlg1svd29,22
tklx8i6vp32ao9fr,20
tkrnaterqi59evtk,94
tlfcj98wcikheprn,55
tlgkkerovrwsftpr,73
tlhb934m819n350n,65
tm9ekmhyjxalj38c,80
tmnz3o2v4bcw2zbh,81
tmyglhj60obee4cp,32
tn1fbm9mox3rx7df,74
tn1r0wxhjlauzham,8
tn832kt1avmb09y3,96
tncnigrx6vqbihxg,59
tnighu2hxfc4qvaa,63
tnktgtfxvm2u2mu2,65
tnv2bl8f7xo76xxa,64
tnyxr61docwyq0eb,92
toatjdli4k568wqz,82
tojovpgx585fjl99,21
tonzd4imzj1v5u1y,81
toz7eo7hykrxuogk,17
tpdioblq3tqy527p,68
tpm8aemms7wa0fy5,23
tppn9i54xjrcbra0,48
tpyd8k2mxxp7plz6,81
tpyqde43lqcdpp57,57
tq3kx3hxpmgc3gyo,21
tq57mip0232l3eyz,33
tqjoaz0p8cg2ia5p,87
tqpikuic8squyvpr,42
tr0ow1xhs3r31pg9,96
tr2dhek9kxeg121p,34
trcpeszsk2888tid,19
trymdqtcm2bd1um5,42
ts1w6rgd365iiebc,24
ts2ma6ch6v45dn3k,24
ts35gid5bjzearw4,98
ts5i7sne7wyojqxc,44
ts70nyhmrz6wk1fb,4
tscahhfps9ibp5xs,49
tst04suy9ahw3yr3,68
tt0uyib9x0q5euzr,47
tt8xhc2m92y8vnld,87
ttrtq22q90nfw498,81
tu323tul8izywhp0,11
tue66sfqel1ajqit,14
tumvkusbqcob8t31,0
tuurlojnt6cddh2i,74
tvc6jdj4a95noxli,7
tw3wy34n9cj2sxpk,5
twakxmw4960amw5o,97
twi52mi06nrb4wpa,31
twvodjxc1rtmmpcs,24
twzaxpx31k6amxj8,19
tx405euk92fodqeg,24
txfm7gm48yeup90r,53
txifohqlbnbj1v2w,73
ty0962631ne2adql,57
ty2yqdbhqj7vi7rk,81
ty3srqygqeis76m3,46
ty5qroknch773ktr,87
tyba97887daozs8j,23
tykgnboxogsjk2f6,73
tyw292ung0m7r8ez,52
tz1rz5hjfeg6htj8,3
tzxum7xxq0ot9911,57
u00c43ugvz0w4foz,61
u01hekf8md9t12er,94
u0305xqms7pgesk2,7
u0nm15xoromzcdda,8
u0qsnikg13wk40xp,42
u1hq63mpu4vbebiw,68
u1i1dvf3c4qo03o8,13
u1obkib9tcjyrg6q,15
u1p5e5xcfqmt0fac,87
u2b426xm2ltmzv1t,73
u2gk4cn0aeylpw1o,87
u2gk4ni64omptjwj,4
u2j67vtp6neo81oe,5
u2pwswf0tw8mq4c9,81
u30dlbfnsay7tpq2,28
u31ydp1xnewz6v0w,3
u35s6p569x5ffott,74
u3g4mr4p8m846le7,24
u3giqde29d6n61az,41
u3kyyibink1omhom,87
u49e95qgcz05cu33,38
u4d65djb8du6ts90,70
u4g6ttefqmw55wyc,83
u4qs8qw3gx3o0hqm,23
u5206srwj65mwpgv,22
u59mybafll3y7lmr,81
u5js5i3zdo01ttxa,3
u5n5w0sr4y381etb,55
u5nhde8t2o0i9mnx,44
u5nxh2gt5cp6ausb,61
u5qtgfc1udy1cveq,55
u5wq81d81d2nvt7o,7
u60r5828of1gr8qd,17
u626rdol22g0v184,3
u666y0rg2qauqrui,99
u6h2eni0oroy9tju,0
u6uf25hhq6x3xsrb,38
u7blryzzpp8kx8y3,4
u7bni2o6uqpxznv2,18
u7dsisalj1l3rrp0,81
u7t1o0jw0mbedu0y,40
u862znghwo9823mh,61
u9005a7hkyayjm2p,81
u9ie5akqq6v9w0fc,85
u9uhvx2el7io93kp,88
u9wd7r08sod8owig,42
u9z0egyb2ecuwh5v,74
ua5no7dmnkrilg02,85
uabzzzij1fspku88,70
uacgh3bpjqa3s4tb,13
uaesi30tsy8dcwdj,31
uahratcaq0h1kr2v,81
uaigwceddrv5xt5l,41
uapy4kkqt9yc4nne,22
uaq93qdzomzkkza6,24
uaqxov3le0vfknbd,61
uaz6lux9ywp78jle,42
ub4uwqvp0yhgjkv3,93
ubnkabexabwpfmgz,73
ubq2mxabw0aq11w3,74
ubvn3pydge8p3sp3,49
uc0nwey76yu0l9pw,18
uc1q49pfovs6twng,62
uc6mfn7v7e4ekx7i,12
uccfobupnk8yn84p,85
ucfu5ofbo2txij0l,8
uchygesobj9q71ch,44
uciunhxmsju60fzy,19
uclgmb1qiq86aho6,87
ud9rzxfokgqzq8n9,32
udluh46mhj7mx4ak,60
udlz4ukzti2gh31f,12
udo5vyv7hxzzbc7p,24
udoh6gc345qp9c8n,69
udrqqe809czluc00,9
ueq0ued3ha9p4s5k,84
uf6b9skhz910z9kh,83
uf8bcao62c8n4pon,93
ufo426q1v24maq77,39
ug1hi70juu1jyc3r,56
ug84b6x049jiv7ef,4
ugcgf168djfyguzf,82
ugtsyva0iwzs8rcx,21
uh9xok0cgp0lcfdf,71
uhhj237a7is3nuvr,42
ui74zzxz654fh5la,59
uid7nf1az339ixvr,97
uieh6vm1ow0fgtgg,94
uihebywmwvqaoh72,33
uj5xnccfqg7mtx0a,66
uji02a9h8p59gmd0,47
ujqhycs8lz4rectf,52
ujtgcti2gx9k1h20,96
uk9kz4kxpalh75lw,4
ukyge9q84oawabkn,62
ukyi1bp2q6hk46k0,30
ul3w0v0200pciwho,95
ulbc02r0e8agqb0i,89
ulp3k2zms3mu7onq,23
um18va9zncw7ed6i,61
umf2gxnr1bfzg3lx,74
umsu0njtp17wv56a,61
umwdxruam66prqqq,76
un8gjybhjtklf8a3,11
unaiu1uaxojx308e,81
ungf587itfhmb0pv,7
uo2na8oq5gjw0bh7,13
uoip83itefc5dvmb,34
up6vsiueyfl4i8w9,59
up9blifhi21jcmsn,33
upbv3knd170ov3se,19
updkzemw0bkd8m6v,89
uph4ad9u5rtnelbm,76
upqrfic6wokbk1dc,0
upryz6dv2swo24a2,69
upvf3k6itn8pdpnk,48
upxhulb6haz37d16,81
uq186p2fq964o9b7,81
uq1t21zr4jg4n2o1,69
uq7q9r7328d3rtt9,46
uq8khsizcnvaw5wk,31
uql9u3ktiqa84w36,87
uqx88pgk8jhcqiqi,32
urejgfkk3jhhvtdy,97
urolk4xjbbnusd9w,7
us1064fn0625wcas,96
us34vwz5clk6uwnd,87
uss2dupe5e64ja1u,84
ut0qq66su3ylrcfa,54
utrzvlycvhgp6ilv,65
uu2yn50xqp3txxya,8
uu5e28fekgs44ol7,17
uunwm68ryznpg4q4,8
uvc63tspdzg1mnuc,86
uvdbnodwerhayyn9,4
uvdlh8kc0nrb8a0x,15
uvim6s5j31d9ovi3,91
uvxp5tkfcw2y2iq8,63
uw3f902tfwnqplxq,14
uw9zc5rpywq2yg6x,49
uwi1gkpi649eb529,24
uwr022nsz94k3xyo,43
uwx1310rlmtymyhc,24
uxbq0529k1eyzb13,49
uxfekgkd15d3dy3r,51
uxjj5kel5g4hgdhr,18
uxlovt1i4t2wrp2w,2
uxzstsessdt06l58,52
uy15g2moq6atwngp,44
uy160t1oimbebq2l,87
uyee7hv34i5bzcan,54
uzs7cwwe5i343ic3,89
v075tzc12vr5f9bh,30
v077uglu6gzjki0z,81
v07e1pldehhx3te6,75
v0wtwzkrs629m4nk,33
v22nh1fs25yf21fk,63
v24whwc3zlnb025n,48
v27c06b3w9qk9h6m,34
v27ihspfn2lozpk2,46
v29emnxq5yiclcve,79
v29g9z87oqtfadg3,19
v2d8tbj5inwnyq1i,31
v2dx3wl55kpom99x,0
v2etf563i4owr36l,87
v2hxyukhychihvnn,47
v30zxffb909jzkee,86
v34aezjnt1y84n11,3
v3fk9v5h58elkxcb,73
v3qz6rix7et3hgb3,93
v3rz548wveof730r,19
v3u43f8boyj82aqa,95
v5ks4pa4j35xswjq,81
v6050xxq5cv39gvl,7
v6o2rlnurgtdhzd3,47
v79g8jhu35xfpgc2,72
v79gbyombv23eorr,17
v7e0dtpcvvjedu4m,21
v84tj2z8qe9u3c78,81
v8tujcho8t84sdku,3
v9ihzsrdhhupiwyz,66
v9n20qat8etlab0g,4
v9ox1d2rjnho6y25,78
valhr70dr6zwwi42,69
vbgs4laqtdorajca,21
vbhr7h8wloxmcypo,86
vbm4q7x02wck52p4,0
vbm75nvstwemhvc6,37
vbr0x0fqo6r0lo5k,93
vbrp9azrvn1adoxm,54
vcqpl0av5li73vmn,81
vcu4sh0vcq7tm30s,74
vd3zbyhiuchmt0ta,47
vdhzbg2e7ngpaqn1,65
vdr9svof37qp3g0z,81
ve4k9tyk41bbk8ht,60
vefk0qrozr8rdg85,8
vety6lqm2kobk2gb,63
veuilqk9bbd5ar4d,74
vew82seo0r9q9z1z,46
vfb1sw1n07ikpca2,31
vfd0cb658ib0wern,62
vgkt8t06g4qj3yxb,64
vhzcaw02wg1i4qp0,59
vi0tgiw2wah74lzb,36
vihwfatga8xdn4s7,51
viybcc65cfxui2ra,87
vizapckrd8qydd5t,83
vj6h5mophk8z8qbi,81
vjogatnl1qse1g6b,73
vkc9sg497e1i21py,20
vkfcmyfceai40rha,42
vktewpt79vka7ytq,30
vl5vy3w54dannxto,60
vlyvsb7ctbz2uvyd,57
vmdfty54d0hq6gb5,95
vmmp4em8ew737e60,99
vmx2jb0mpjafwt9e,51
vmxkr69praihxj5p,3
vnck5qweppiie052,60
vnfm55nktmsaxl0k,8
vnnvshl5cycujcvi,83
vnu4tb1k46ejxbi9,34
vnzpnlvueq53utjc,94
vo6cwp86qfcct5xp,42
voi04wwwuz39wy50,19
vq19t4s0ksjfphae,37
vq7875izhevrk80s,34
vqb4qdnvd4dob2eu,3
vqnmy8uy2hivrtt5,22
vqqw32b92cviyrkm,56
vr4em2mc54tkjw09,96
vrpp903psgcr6m9l,94
vrxfor0fpn9hr6et,59
vryu43z66zbur9r0,63
vs466q5kds3aane8,87
vsbblao6wn7an3vg,31
vsbfkk4ucu0a90c0,21
vsfvbi31ktewowb3,86
vslbg5ybfcc6fpcp,25
vsn0b0wh3rjpdk9e,51
vss6hejlgqsnw9f3,19
vst634j2lpjfj1tb,61
vt35u6dcijl124o7,24
vt8uq3cahelg08wl,86
vtgk9btjonsue1rr,24
vtho5hqtwti90w8z,24
vti9r3fo3iyqcpyf,5
vtv9ajet8k41zhd1,42
vtwv6i1aqn75n84u,9
vu4tqtwoy2ab7yb3,75
vu6qhkubyeias30v,46
vv1zbfj7mr0omtpp,31
vv3y8s4hfth3bb1n,48
vvb0ttw2zoumx3n1,46
vwdevmt1juiqwl93,86
vwe58i5mlwfkkyyc,61
vwf86djdcci4qbks,2
vwjiawg3lt5v7bun,81
vwrw87uuzsliw55x,79
vwvoipczb51hodp2,81
vxdwugj6lt4qrjia,13
vxs1469e2nuvgb9f,5
vxzf65l3cjd5smdz,63
vy0k57yd8z4ciri0,9
vy5i9mxf7rl38jeb,8
vym65gfmecyl397z,49
vyn2no9y35vfwui0,64
vyrkz652y1rbrw7h,97
vz3cenjknkkw04kj,61
vzfzqqsmg1n7qzvo,89
vzp2s29kvd0t4121,30
vztoaa92jup30vuc,47
vzvm7xespz7bzka9,97
w10z7745sryi1y2v,75
w183cvlfgsgqakjm,25
w1c89jav9xpne5qm,74
w1rxbhcfm0yhr90l,30
w23em23iz3hrg2rn,95
w29prwfxqnjajr5n,23
w2e864zt1xobckxv,43
w3fias2koxejglf4,19
w3iuurhb3dmiqnph,43
w3kk37hiixkhi7vq,44
w3l802gtuewzz4zd,14
w3oms4vtg6esagzt,49
w40fcxqb491a75g7,78
w44anmgdwu2d2cib,20
w45l92eal6ftyzz1,48
w4h88n5m19lyen2r,4
w4qa17scr1msambk,7
w4vjykgngjj9zctw,60
w533lnulyi0s5auc,81
w54xfv89i7oxn0ao,94
w5a0i762zja2rupl,16
w5h7td4kzyt71nxn,75
w5sjoidfldaq8ovj,56
w5uwaqrp8ocr4suz,87
w6390dqbfc9je11g,55
w6mmpstqixpiowah,69
w748hnsibz22s782,81
w7kro9z788t2a9pq,74
w883jk6ms5axr234,73
w8lnl43hh3wubm0g,58
w9dpbsg6g9sdnmhl,84
w9dxb4rn79y4qp30,55
w9eq5jic589mv9jz,8
w9mop7cy7f9r2zfa,14
w9uw62l4p8cy0h69,51
wa39el16q36siwwp,1
wac0zfi3z78if67h,81
warfxny4qq4jqebu,24
waxoplzs1h8jgpuk,16
wb2ovg5fgg04y518,86
wbd6n8z33n95jhtp,55
wbew3spilzh4448a,82
wbgqxoyvqw6z7f3m,73
wbkd11v30i5mce2z,28
wbol1aodvbb9bv2s,39
wbp1xef9xezt2743,45
wc1oacrzktr1s1md,27
wc3xyrgxyt7ec8kl,97
wcygfcrqpqylp7l7,63
wdjqampyvismab0d,60
we1s088mavw02p40,48
wedguhysvyouxysu,13
wegnjm7h1884rfmd,32
wf06f8ok7r75o6md,98
wf15lsahi35stjh5,24
wf3ds0b38d6rgf08,28
wf6z0kkvhus850i5,16
wfhx2lx6rxmvmp8s,24
wflv9xj96wwk8wu4,29
wfzyxgsqitzgx1uc,57
wgc9ny1aoqx0v4jl,78
wge3k33fkxhrp4hj,69
wgmrb1rqpm5d7pjj,95
wh2tpbb7udnw53lr,73
wh8zfrgez0qfx9la,59
whn6kwl8iddkr4k1,70
whuuowt60s8xor7a,0
whv3eyag5vt8bc2j,52
whvy5skvgpw31vdc,74
wi3ql8pw7od3tm6b,81
wi8f0agvizuj5myr,44
wid36d3xw8s36xk7,63
wixgy8kjndkiud99,28
wiyqoip2t8aytsuo,4
wj8ca5otv24jp8fe,35
wjfdss79p5q6p8cd,0
wjroxcqxg3vsdxk2,96
wkvdef1s14ajjo8a,95
wky9ajyri0fqugyd,93
wkz6x79tvk6214ya,41
wlkf1xyf914wrll2,26
wls60tmvruc0o256,23
wm5qqftr2qm3a4yi,56
wm9ii73gdgdwbdtn,3
wmfwisekpm4e3x1o,21
wmksrlxao5x65f9p,95
wmmvzerxo4235b1y,21
wmp2b16xdg28pl4g,57
wmx1xkoaldhqtx2d,95
wn88utshe8x46seb,33
wntsbhensqachvvc,30
wobp5unppjeto7wp,30
wokju2p5u2xwvvth,71
wolpk1uk9i6m2z8k,21
wouz4by3kee94xs7,67
woy4bbf0iwrarsbn,76
wp5wwhuqera94aig,74
wpgsgc76lwxx4t8o,37
wpofws6q6ne5ae38,19
wpyewj7nehj7ssra,31
wq9tos50xn9658p2,81
wqcom9agct8feph7,65
wqqc95o537cnrgtp,81
wr68r26vkwp9yvm2,76
wrifner8ovkq1z36,39
wrnxvviasz9pkpsr,16
wrsrloyk8oqus8xe,43
ws2pk3zud732o3vg,51
ws50m4pc8ehrdnf5,46
ws54gpp0e4d1krzz,44
wtkab6aby8tnr5dc,40
wtust2kwoqx7glpm,75
wtyvjdxacxqds85h,88
wu8u1jlrx2jr9e5y,3
wu9dqvk71rhxenw8,1
wufexvntrenuu64z,84
wupzj9y82c62jo8a,4
wwlmohxp7murqtmm,45
wwrvvx0chp37pftf,33
wx7yij9q2w43csmi,64
wy0oqo8s0keahf1j,20
wyerxcll0kykxis9,42
wyiqk7gw5wc89tf1,95
wyy52i1zvj831di2,62
wz7b8x7o4uv4df0z,78
wzdkueezhan0mx6s,42
wzx00e2mn4l7nb8t,63
x01v96cwi425yi32,17
x09gcbfty77ijs7k,22
x0a4czrh71x1xdnf,61
x0ein79ojah7olc8,85
x0w0dch3m4tn36cz,32
x0zgzjrvybq1fkos,4
x1dzl6t2eddezo1v,20
x1g3fegb9cdilhkm,67
x1ib1t2u4kdqdh1u,88
x1tif6bt3yz6hhbz,22
x2zzrub9uwatbtma,41
x3fcm0gtnt1rml8t,64
x3ibgbavchx6so7p,81
x45aiieaxh238fnk,31
x45g1maihog4n6b7,33
x484vrdio8pg2zhk,81
x4op5zd1pahaym35,41
x4r6d26cd9hfdulg,73
x4szav6vhc0ctb7l,73
x4x0wrhjd3nxs2rb,53
x57bj7fcwaayhcdj,29
x5mlbg8b12gg8hi4,78
x5rvh3jof9caa943,19
x60rtutbmdut9vfb,5
x69ae0beqn5iubwe,81
x6lpvqe8gt5wm7y3,3
x6q06p4oe69njv5j,21
x6rkldsgn6780vtg,11
x73ljmwhdihjvz99,47
x74r1h2zircz9lxr,20
x7oj8w0pje1b2et4,75
x800dajm6qm3c0hp,78
x8dvtalc5lqv98kh,87
x8kf17aw5zxszben,74
x8smnbws7z7bnzmy,81
x91clp6uo2hc095t,5
x9vx2vnpyb69h3cb,88
xa087tzfcjl5knxe,19
xa7j4y4kqzhx5ume,94
xaimu4den76i9736,81
xajn4t4ix9eojcbx,42
xaqnbc21kzg09y29,19
xbmj4akhjal6rjiz,81
xbqaicri4jjej0nd,19
xbxm2iu8ffuqzgiz,62
xbyc30zdvicqmwm0,34
xc420wfmprd8b3rs,15
xcfeam4nw2lex442,92
xcghf3927piwdrob,77
xciih5o6icvrzgl4,13
xcoj1sziv79stwu7,67
xcp770nke3l2yy65,13
xctqr0ibc1o1ow69,25
xcvglkeydxp6offw,19
xd484ddcwx7papv5,51
xdane07lb6r8ry7s,17
xdbi2mkxl8ugy0pn,34
xdej7epbzganjaa5,15
xdkx98zbaua1if93,13
xdnw35srfobsupcd,24
xdqidi6f09g1qhsj,62
xduhuixa8p5uwlfy,17
xerrwm053xl6rngr,0
xezkoyw8j00s6ykh,59
xf8k62cc1atr2o6z,54
xf8vw0gtyjpoqj5l,81
xfaypq2rw1yiy4lp,39
xfw292mqwvg2pqnf,11
xg2lgpqg3oi4uw3h,44
xgmf9hvie3rmlwak,74
xh4jkqzbiscdt7ma,79
xh4w731nridc2nqc,95
xhephsfy71rd51yu,46
xhi5bjpqwb4hpm17,55
xhi9k0pymeizjcj8,66
xi79q87gsrof4opv,63
xigaf7bssm9yb89u,59
xiifhs21d0kghm5f,51
xilm34s0kf6z1b8n,2
ximctbudxcequb07,5
xiocrbqt66ezj8p5,96
xiqrekngfhw81sz9,64
xiu49v10k56a0r6r,47
xix7alo1p7cbgc9e,0
xjduf2e7fvq1drc0,79
xjids95hie4qpkk9,58
xjn9vn60cn4shq8y,48
xk4057qqhbvmn8zd,30
xkp8206kgiqhtj25,61
xkpolphasdmt36d8,31
xkvwwxe0qh7xokbm,68
xl1luvexzdu63ou2,53
xl5twhrilisfy2zd,62
xl60njt3sp78j86e,81
xl9dpluxgrdocath,49
xlg1cnlhy9wkxfob,81
xlqwqde22vqcxd82,83
xlxs2jftpfzx71p9,0
xmdpl339s0c8ayuo,13
xmkuxmdrn6l1e8tx,25
xmstvoyls1b0ck0p,48
xmsz29ih8q9u5xlt,70
xnfg4ruzevc84bk5,95
xnnirkvbctdujk87,11
xnpb3tg5e3za1uo2,20
xnw34ifr2kz9l1pe,13
xo490tgkonoxzold,21
xo4d60se0469g0au,75
xo8gjh3l3vu2jh83,3
xoc0jworym928rn3,5
xoefg6cpbp2sxs3o,20
xof6hlu5tskyydt4,39
xotgnalm5qcy2gop,48
xozdqyapbk6e3d76,62
xpi8uaxyefaab52t,54
xpkjodxwhk8dez6e,81
xqiair50qpjow7ze,99
xqj4c83cf6b13jmm,86
xql80unc0ljrvvze,49
xqrdkb8wef8ytci5,56
xra635x4s5fvtkw6,55
xrlqkfzdcoh5882v,54
xscbu3g6bpymfzrb,33
xsemnucgdjepugq0,74
xspzaf9egsb2rrgl,35
xt24y5nki75h6f9k,44
xtovgumi08nscfjn,22
xu3042hbbpv1jvox,24
xu6yym2kdxoyqpcy,7
xut0sv0wknkdjogl,58
xw70wdfc8eret2rz,84
xw8x9w6s8srmnnvu,18
xwah8isp9yw24m7t,81
xwdqipz3mpw3ucfp,0
xx0mihdnfr6woske,76
xxdqrgg1m851b9st,46
xxss71hpi3rqn1ke,95
xxvrtyu9q8gntz20,63
xxwo24nfg5n08wro,81
xy43p7jzsqpymv5y,22
xyhwlvy6wveubnm0,3
xzei7iolfxquudf5,24
xzk3pqicytv1i1wn,49
y1f8rw3nqfuv2377,24
y1ki1ndm0mgyzmka,73
y1qbvu3iw7qlpt7x,49
y1rggi2w56030wqk,82
y1wbxz9ji7kmdlf0,83
y2iwzuxh4qev76gr,25
y2mwzhdwe339rtle,78
y2n9h7ol11tgb3yy,61
y2rwdbjb0w0tjiiw,79
y2ry1p5ls6exmamv,76
y2umjpr7okufv1al,62
y2y2qiz1lih9rudh,67
y334mfee7cu77g02,34
y39val7czlzo3kew,4
y3kmhs46174bg7mm,75
y3o28jt1dj8dcl1e,83
y4kzc89axwf63bc8,98
y4na30xe8si9zbzo,88
y4puezqldj66epm0,76
y5654b2r4rr9v4ka,14
y5at9hhtmvikqixc,81
y5crjkmt9dnz7a5x,61
y5o204snvtn19tx0,81
y5pyxtqhhiub0pl9,65
y5wu4g0wnby1si5z,0
y651cewxpelzh5r2,15
y6xlimp04ekhjzfz,87
y797913zxdxy8p3m,96
y7gkisa19f9fxmwr,68
y7l45fn90f4huvz0,61
y7oev71lhqm6mqel,1
y7tty5o0s13q5yv8,24
y86l7t8r44ai1v8e,25
y8atyrcwutjf86ll,61
y8jzga47rqe7neuq,73
y9d77aqui1q1ydaz,14
y9q0igdu0r7ymgzb,23
y9sica2ldvooo7hk,47
y9tmgf7qy0gns66z,4
y9vt0a03jzctbnxs,74
y9wg29dya1u1a510,70
yade56s9id68abfs,51
yaebohgxem35l2n0,96
yc6ctt24chqhixex,65
yccfr9h5rdl098xg,61
ycdp1avykrsqj3eg,64
ycgfmndkgzqigzg7,7
ych5mt674xprdp0g,51
ycysmzwo3ipxaiwo,63
yd2gpbuc946mn5pa,0
ydd85j28omde2yf8,0
ydety1ng6w63fwqi,81
ydzvlbzqjgl824sz,94
ye0owrcdypc0n0w8,87
ye4u65ikjns4sp4w,85
ye7p7b9ijsxsrkgr,1
yegbqnoikl0g7z2n,31
yeml80tay3c867pa,43
yepzgdkkfp0hfo8i,92
yerd91p2069n2fik,64
yftyuhc4juz0ad31,31
yfvgngpkpiwoli4s,62
yg7klhyjd45cx3xx,2
ygicrtukomme6i7z,69
ygjuzripw3p7nf3c,22
ygnxkxrqf96tw46k,91
ygpi5l9iidcae03b,83
ygsrkqoafhga734u,94
yh3jnfyjelkg57r3,74
yh5jtngz508u5czk,4
yhi1izm7478alqxj,87
yhnte9u7ujyf5rbo,86
yijf7ntoofxo95p3,14
yiqk9f6p577iu87w,25
yj7po94w1scotve8,63
yjj8dmdssigsdqsv,39
yjqnzxfgcaqcvoxt,15
yk9qc7pn6sjyu16h,20
ykmsgnsieyoy08ge,14
ykq8wb38z2zel0ck,42
ylmcdxodupyb5rbd,2
yln6i4eoxdb7d3oc,61
ym5emg17zstz1ru9,55
yn4ib07vfiocjmek,68
ynctellw78wnyugp,36
ynh9jwcdd69t9l2x,48
ynmebalezcoqw7jo,73
ynqlt2osqtlrscum,11
ynyam7ayhk1iawh6,19
yo7it2l86h1r6i30,62
yootamp2lenjy4ch,52
yos4x7gjd2qix672,15
yp67rzszqefxudzm,12
yp6n97uj257uumx4,51
ypc8zdcozklio5jh,84
ypzxruitsn73c3wv,81
yqbsecdd58p6f6yr,7
yquqdwt478q2vlr1,86
yr2sjp6b8zhtka27,30
yr4fgu0tbrgzzz55,87
yrbepfh2pf3vjxgr,16
yrjoeapdhepbhyib,87
ys5lb8j2mtbwtw89,13
ysd1q1h9syhsg3u2,84
ysgbadtl6t1cps01,22
ysk08atr97f8nega,38
yskgauymw6utbz05,70
ysorxx3ad971cbbj,74
ysq3y5vr5kazh5ol,95
yt8jj9zvxawr8dxw,93
ytf9m8ng7tw638z2,3
ytj4n863kd8iki1j,15
yu60gqqzqrnvaiwv,42
yubo7ns8wergkelo,13
yuc8cut6pkcnr0fs,79
yuvrvnz54gd4ck78,43
yv3plxbb3ojuvcj6,97
yvf4p7ki8la5u8ja,0
yvu953fphviov88j,55
yw2mw17iq3228bvh,44
yw5zeslki9wbmd9j,41
yw9tsa4vnrmf4j0z,96
yw9zrz7ytwwdaimb,53
ywmwmi3gatan9xcl,0
ywqkik5zigyteawg,95
yx0uvuwfwpgeeyn4,38
yxi7iz0gyf7fsgxr,60
yxkmbmujvcqhgf00,69
yyhypnzyll2a6jxb,81
yz2oeii5id7iy3q8,19
yz4i9dmd234rx139,73
yz4uuuib5aoh63jp,11
yzmx19yjl320r5nn,59
yzxlj45cc98c3i4l,24
z0zg08zpufdih6ep,21
z17erfkoucdsvdbv,83
z1b7iw3b5oqzrn3w,67
z24z9m9zd8e5opak,95
z277inazilx9meik,59
z2c1np138bomafxc,25
z2hyeg4g3qfvadxa,81
z2lpya2dwavoi7i2,53
z2wq0cevt40ub1gi,46
z2xgty5cuh5txjpn,95
z3degjlr12s3lvmr,74
z3scuomg5y0vt7fb,33
z4gd0anwspqu8seq,68
z4q6mtvxu5g8tqru,21
z510bxubd69qvplp,73
z5a977w31dznkshl,14
z5aj4wa2t1dk9w9j,19
z5n0d8scqgker7w6,21
z5v4qxi6n61ew512,81
z627se09846uq8cm,97
z6281czdrn63wrps,48
z6g7r57nmpaitfke,39
z6hbqkyymy10vbso,30
z6mzqw00gitz208k,13
z6patrn3e288oqry,41
z7ih4xzx7tjnoome,66
z7ld2tf50bheqls8,65
z7rbl6zogp2z67qo,95
z84vsbjq6ybg5qlo,3
z873c8nyl6lp7lh6,29
z88qk3lfdas8mwks,48
z939by82kbes2bh8,52
z93scym05226t6xv,44
z9pqstscp1ijkh72,54
za03nb70vmbfvwrd,64
zae9gi002et0pv7r,46
zaui4y73cgcckftj,81
zavjtjyfbgplvwzv,6
zb3d7vfw857dlenw,70
zb5kgnu6239nin1u,87
zc3my04ae97iod4v,89
zc4o9howr5npaj26,39
zci228y1o8vr9oxa,67
zd78po5bgil9tw5b,63
zdah62e34cn39isr,7
zdaq5m8mw8wtm0bc,22
ze1o5y0vm1ezer9d,79
zeiancfcp6c4a58r,29
zejht7gymlmaoewx,74
zel860rqur3otghn,4
zewzlvq1eemjvlot,38
zfi5sjsxe69g9b1h,65
zfsol2bsm27acqm4,20
zfyc13icdisr5rld,30
zg9t65iu91ed89om,5
zgc5rsteen7jgy9t,24
zgijtsfy2hn0chw6,83
zgk20z80e2lbcr9f,6
zgpug86b0w3i0mam,43
zhdvtqq5g683ngaw,60
zi8wr7zmp3so0ksl,13
zisc1dn7u9jg0p20,33
ziu8kwcr2fnjrigq,33
zj13nhcux9bb182a,0
zj14lynv01xlnzoc,28
zj9fcyuo25xdsn62,0
zjevjlemvzy1xt5o,65
zjfevdp2zx9k7r8y,59
zjrrxie9cr31nf92,73
zjx0ii2o63uoi6gy,81
zk0tfhwfeg86kiga,60
zkxuz2kygms2pxie,5
zldjs49wuzmte4hz,81
zleeo7z69cqv5bts,30
zlfp1xx65k7gom83,34
zljstmuik1f5v8yy,42
zm1cs94uxyvsym79,19
zm3h93hdl3g57o1g,94
zma3f44bno3hvsye,28
zmgwwbn28vihrn9c,4
zmknavr59hyys4jf,94
zml20pkzkgx295dm,49
zmqsxla920eud882,0
znu67tl5lncyid7v,42
zo3txq5jy651l556,89
zo7iisah1vscjc9c,14
zodbqh4gx8sgmshv,57
zodf90wymglrwhwd,9
zof8m8psrtg5uur7,74
zoohtdqbq9rgfdjb,70
zp3kdl1qr5guqoyy,62
zpof5c7wrwxmhmkq,57
zqil2iwsulzyfbwk,3
zqjycucrgol7l0pz,70
zqkst5zd16tnn2kg,63
zqp11scgd1vwz12k,53
zqq7datk7gnt87j4,5
zqqjr3qov1wfp4n2,94
zqsjeb9ok4p3qz5w,15
zquhowlchuhmktss,81
zqy1pgq8sarahdtv,30
zrdo1q2356658u64,65
zretbxkashgg92wa,87
zrgzh4cnyikcczt2,38
zrv91sjlwi0lncbk,81
zrw3ls0rpusk97q7,81
zsdjfc09pjiuchsv,81
zsqwa4y10eteg475,93
zt2ge4p5oab6kux7,81
zt4zj8aghcwxxqns,79
ztcgo1vz16u3k441,59
ztclbejaq5gn2lmb,62
ztdflwt7lfuvhx40,24
zteka8jtcix0amgu,13
zti2x4nebldhdayo,48
ztnpjqr7mznu774o,3
ztqek4wmpjld80l7,62
ztqs4iob4l51mcg9,90
ztzytpgwiu9qu28b,81
zu83x1i1x8nh5git,34
zuc0smzu182aehad,95
zurbupe5iv9c3hr6,5
zv8j1tvy5yss7rl5,54
zvhkec0fow4xbdji,11
zviv9v32x3fn39ak,90
zw7olskp34fh9ufm,13
zw8wlv78foefpxhr,87
zwg0hxh17j8n9fwh,27
zwlbubjmayqnk15e,69
zwsqx8yi9agxihc6,84
zwz6rgv1dps1c1dh,65
zx0goav1i6fhdsfi,39
zy03g467f9emkj16,4
zy21i77eeghmlca6,6
zyayrxjedfsj4an8,92
zydn572twuz98nff,66
zyy1wn6regoloy3a,14
zzf82brxek1zu5hf,46
